-- MySQL dump 10.13  Distrib 8.0.22, for Linux (x86_64)
--
-- Host: trading-db    Database: my_trading
-- ------------------------------------------------------
-- Server version	8.0.22

/*!40101 SET @OLD_CHARACTER_SET_CLIENT=@@CHARACTER_SET_CLIENT */;
/*!40101 SET @OLD_CHARACTER_SET_RESULTS=@@CHARACTER_SET_RESULTS */;
/*!40101 SET @OLD_COLLATION_CONNECTION=@@COLLATION_CONNECTION */;
/*!50503 SET NAMES utf8mb4 */;
/*!40103 SET @OLD_TIME_ZONE=@@TIME_ZONE */;
/*!40103 SET TIME_ZONE='+00:00' */;
/*!40014 SET @OLD_UNIQUE_CHECKS=@@UNIQUE_CHECKS, UNIQUE_CHECKS=0 */;
/*!40014 SET @OLD_FOREIGN_KEY_CHECKS=@@FOREIGN_KEY_CHECKS, FOREIGN_KEY_CHECKS=0 */;
/*!40101 SET @OLD_SQL_MODE=@@SQL_MODE, SQL_MODE='NO_AUTO_VALUE_ON_ZERO' */;
/*!40111 SET @OLD_SQL_NOTES=@@SQL_NOTES, SQL_NOTES=0 */;

--
-- Current Database: `my_trading`
--

CREATE DATABASE /*!32312 IF NOT EXISTS*/ `my_trading` /*!40100 DEFAULT CHARACTER SET utf8 */ /*!80016 DEFAULT ENCRYPTION='N' */;

USE `my_trading`;

--
-- Table structure for table `SequelizeMeta`
--

DROP TABLE IF EXISTS `SequelizeMeta`;
/*!40101 SET @saved_cs_client     = @@character_set_client */;
/*!50503 SET character_set_client = utf8mb4 */;
CREATE TABLE `SequelizeMeta` (
  `name` varchar(255) CHARACTER SET utf8 COLLATE utf8_unicode_ci NOT NULL,
  PRIMARY KEY (`name`),
  UNIQUE KEY `name` (`name`)
) ENGINE=InnoDB DEFAULT CHARSET=utf8 COLLATE=utf8_unicode_ci;
/*!40101 SET character_set_client = @saved_cs_client */;

--
-- Dumping data for table `SequelizeMeta`
--

LOCK TABLES `SequelizeMeta` WRITE;
/*!40000 ALTER TABLE `SequelizeMeta` DISABLE KEYS */;
INSERT INTO `SequelizeMeta` VALUES ('20201111081939-init-trading_plan.js'),('20201112033432-init-trading_detail.js'),('20201112053213-init-comment.js'),('20201123073044-init-setting.js'),('20201216015530-add-column-comment-trading-detail.js'),('20201218065903-add-column-actual-price.js'),('20201218082040-change-column-to-external-id-comment.js'),('20201218084831-init-user.js'),('20201219071238-remove-plan-column-comment.js'),('20201219071830-remove-detail-column-comment.js'),('20201219125644-remove-plan-column-actual-price.js'),('20201219131349-change-comment-column-external_id.js'),('20201221015035-rename-comment-column-external_id.js'),('20201228094903-init-notepad.js'),('20210119092924-init-strategy.js'),('20210119100727-pan-add-colum-strategy_id.js'),('20210121072859-add-column-ecology-strategy.js'),('20210212053006-init-image.js'),('20210227022729-init-analysis_report.js');
/*!40000 ALTER TABLE `SequelizeMeta` ENABLE KEYS */;
UNLOCK TABLES;

--
-- Table structure for table `analysis_report`
--

DROP TABLE IF EXISTS `analysis_report`;
/*!40101 SET @saved_cs_client     = @@character_set_client */;
/*!50503 SET character_set_client = utf8mb4 */;
CREATE TABLE `analysis_report` (
  `id` int NOT NULL AUTO_INCREMENT,
  `plan_id` int NOT NULL,
  `total_amount` decimal(12,4) DEFAULT NULL,
  `total_volume` int DEFAULT NULL,
  `profit` decimal(12,4) DEFAULT NULL,
  `start_date` datetime DEFAULT NULL,
  `end_date` datetime DEFAULT NULL,
  `created_at` datetime NOT NULL,
  `updated_at` datetime NOT NULL,
  PRIMARY KEY (`id`)
) ENGINE=InnoDB AUTO_INCREMENT=68 DEFAULT CHARSET=utf8;
/*!40101 SET character_set_client = @saved_cs_client */;

--
-- Dumping data for table `analysis_report`
--

LOCK TABLES `analysis_report` WRITE;
/*!40000 ALTER TABLE `analysis_report` DISABLE KEYS */;
INSERT INTO `analysis_report` VALUES (58,58,12594.8970,600,-653.8550,'2021-02-22 01:44:59','2021-02-23 00:00:00','2021-02-28 04:51:11','2021-02-28 04:51:12'),(59,57,9795.0000,500,-199.6100,'2021-02-23 00:00:00','2021-02-26 00:00:00','2021-02-28 04:51:11','2021-02-28 04:51:12'),(61,54,14115.0000,1300,60.8000,'2021-02-19 00:00:00','2021-02-23 00:00:00','2021-02-28 04:51:11','2021-02-28 04:51:12'),(62,29,23998.5175,500,-41.5085,'2021-02-08 05:09:59','2021-02-19 00:00:00','2021-02-28 04:51:11','2021-02-28 04:51:12'),(63,25,19704.2523,1500,-734.5233,'2021-02-08 00:00:00','2021-02-10 06:24:45','2021-02-28 04:51:11','2021-02-28 04:51:12'),(64,34,22635.4000,1600,189.7420,'2021-02-18 00:00:00','2021-03-02 00:00:00','2021-02-28 04:51:11','2021-03-02 06:51:12'),(66,27,45080.9200,2500,2229.7070,'2021-02-08 00:00:00','2021-03-03 00:00:00','2021-02-28 04:51:11','2021-03-03 13:51:12'),(67,62,5929.0000,200,-451.4880,'2021-03-01 00:00:00','2021-03-04 00:00:00','2021-02-28 04:51:11','2021-03-04 16:51:12');
/*!40000 ALTER TABLE `analysis_report` ENABLE KEYS */;
UNLOCK TABLES;

--
-- Table structure for table `comment`
--

DROP TABLE IF EXISTS `comment`;
/*!40101 SET @saved_cs_client     = @@character_set_client */;
/*!50503 SET character_set_client = utf8mb4 */;
CREATE TABLE `comment` (
  `id` int NOT NULL AUTO_INCREMENT,
  `trading_plan_id` int DEFAULT NULL,
  `trading_detail_id` int DEFAULT NULL,
  `comment` text,
  `created_at` datetime NOT NULL,
  `updated_at` datetime NOT NULL,
  PRIMARY KEY (`id`)
) ENGINE=InnoDB AUTO_INCREMENT=260 DEFAULT CHARSET=utf8;
/*!40101 SET character_set_client = @saved_cs_client */;

--
-- Dumping data for table `comment`
--

LOCK TABLES `comment` WRITE;
/*!40000 ALTER TABLE `comment` DISABLE KEYS */;
INSERT INTO `comment` VALUES (75,25,NULL,'1,股价沿着通道线走，当前刚好下跌到通道线下方。\n2,外资持续建仓。\n3,经济好转概念。\n4,周线趋势和MACD绿柱斜率向上，快要突破0轴\n\n注意观察是否企稳和支撑，如果破通道线后，再破支撑位那么走坏，可以放弃。','2021-01-31 04:50:53','2021-02-06 12:31:30'),(78,27,NULL,'1，两会题材，年后2月10几号就开两会了。\n2，从去年11月开始，一直在箱体中震荡，从不破箱体。\n3，当前价在箱体下沿，回弹中。\n\n注意如果破箱体下沿，无条件止损。','2021-01-31 04:50:53','2021-02-06 13:37:08'),(79,NULL,18,'早盘均线附近震荡后，突破分时高点，拉直线。挂涨停入的','2021-01-31 04:50:53','2021-02-08 01:50:48'),(80,NULL,19,'突破分时新高后，买的。','2021-01-31 04:50:53','2021-02-08 01:57:48'),(82,29,NULL,'1，MACD 底背离，绿柱向上近0轴，\n2，5日，10，200日线交汇，目前价格在支撑位上一点点。\n3，周线在支撑位上，周线MACD绿柱，启稳。缺点：没有向上。\n4，外资3日净流入1.29亿。','2021-01-31 04:50:53','2021-02-08 05:03:56'),(83,NULL,20,'并没有追涨去买，而是等下来后，接的。拉起来后，大的概率会回调到前底附近，如果支撑强，会在前低附近回弹。','2021-01-31 04:50:53','2021-02-08 05:11:49'),(87,NULL,20,'然而一定要突破后再接，不然能让你低位买到，后面还有更低的位。可能是大跌','2021-01-31 04:50:53','2021-02-08 05:45:52'),(95,NULL,26,'到我成本线了，出了，亏12块','2021-01-31 04:50:53','2021-02-09 02:04:20'),(96,NULL,27,'非常精准的把我洗出来了，出了后，立马涨起来了。破开盘价后，接了回来，逻辑不变。','2021-01-31 04:50:53','2021-02-09 02:54:42'),(100,33,NULL,'1，军工概念，十四五两会布局军工\n2，底背离，目前价格在底部支撑位置上。\n3，5周线拐头向上，日线均线拐头向上。周线，日线MACD绿柱斜率向上。','2021-01-31 04:50:53','2021-02-10 04:56:21'),(102,NULL,31,'1，大盘都涨了1个多点，这支票，换手，和量都不高，不怎么活跃。\n2，加上春节长假，先出了。','2021-01-31 04:50:53','2021-02-10 06:25:53'),(106,34,NULL,'1，大盘涨了一轮，但券商却回调到前期支撑位。个人推测国家队为了压指数，或者个券商以后护盘留下余地。\n2，当前股价在支撑位后回弹。\n3，日线MACD绿柱斜率向上，周线MACD目前斜率向下，但价格在周线支撑位。\n操作：第一次建仓可以买1/3仓位，即600股，如果收盘跌破止损位，那么止损。','2021-02-12 07:56:20','2021-02-12 08:22:13'),(174,33,NULL,'如果突破前高，那么趋势有可能反转。否则有可能继续在箱体内震荡。要继续等待，等待趋势确认。','2021-02-15 08:29:44','2021-02-17 13:26:35'),(175,34,NULL,'头肩顶后，跌到支撑位。大概率会有一个反弹。','2021-02-15 08:29:44','2021-02-17 13:39:17'),(176,NULL,81,'挂了一个比较低的价格，在开盘第一波上冲的高点，尾盘的时候刚好成交。','2021-02-18 07:29:01','2021-02-18 08:42:22'),(177,NULL,82,'早上下杀后，又快速拉起，本以为是一个洗盘，没想到是个弱反弹。\n其实这个弱反弹应该很容易看清的，因为没过前高。\n手机补了200股。','2021-02-18 07:29:01','2021-02-18 08:49:50'),(178,NULL,83,'午盘后快速下跌，快到我成本价，恐慌的出掉了。虽然出了后涨了一点点，但到成本线，出是必须的。','2021-02-18 07:29:01','2021-02-18 08:51:42'),(179,54,NULL,'技术上:1,周线和日线MACD绿柱向上。\n2,头肩底，放量突破颈线。\n3,区域上涨放量，下跌缩量。并且，前期有4跟大量的红柱。\n概念上：建材，智能家居概念。随着疫情好转，经济复苏线，也许会有一波行情。','2021-02-18 07:29:01','2021-02-18 14:36:25'),(180,NULL,84,'感觉符合我之前的预期，补仓300','2021-02-18 07:29:01','2021-02-19 01:51:44'),(181,NULL,85,'挂在均线之上，成交300，小仓，建底仓，如果跌到支撑线在补仓','2021-02-18 07:29:01','2021-02-19 01:53:32'),(182,NULL,86,'下探后，回弹上次高点后介入','2021-02-18 07:29:01','2021-02-19 05:13:49'),(183,55,NULL,'技术面:1,走出一个M形，底部支撑明显。\n2,周线MACD在0轴震荡，日线MACD斜率向上。\n\n情绪面:1,两会要召开了，对科技有利好。\n2,拜登上台，对科技可能明面上是有放松的。','2021-02-18 07:29:01','2021-02-19 05:28:27'),(184,NULL,87,'突破当日最高点后，回调时介入','2021-02-18 07:29:01','2021-02-19 05:29:12'),(185,55,NULL,'破10日线就走','2021-02-18 07:29:01','2021-02-19 05:31:54'),(186,NULL,18,'今天放量涨停，大肉13个点。最近潜伏的吃肉啊。今天放量，走了加速，看明天请假，应该会有溢价。明天或者后天出。','2021-02-18 07:29:01','2021-02-19 06:38:25'),(187,NULL,88,'从盈利到亏损43块钱。卖出的理由是1破5日线，2仓位太重，清掉亏损的','2021-02-18 07:29:01','2021-02-19 06:54:35'),(188,56,NULL,'技术面:\n1,MACD周线，日线斜率都是向上。\n2,昨天突破了跳空巨量涨停做起来的平台。说明多头力量强过空头。筑起平台的资金并没获利离场。后市还有空间。\n3,上升直角三角形在3/4的位置向上突破，后市看多。\n\n概念题材:\n云计算','2021-02-18 07:29:01','2021-02-21 14:23:52'),(189,57,NULL,'技术面：\n1,周线，日线MACD柱子斜率都是向上。\n2,W底形成，回调缩量，突破放量。并且突破了前期下跌的震荡平台。\n3,需要注意的是，等待观察这个突破是否真突破。\n题材概念：\n云计算+今日头条概念','2021-02-18 07:29:01','2021-02-21 14:46:20'),(190,NULL,89,'开盘低开高走，下杀不破开盘价，上拉。买500底仓','2021-02-18 07:29:01','2021-02-22 01:35:20'),(191,58,NULL,'1，风电概念，换手2连板，十四五规划对风电光伏概念有支持。\n2，高开一个点，开盘上攻，下杀在均线介入的。\n\n操作错误，太草率。应该回弹过高点再进的。','2021-02-18 07:29:01','2021-02-22 01:44:12'),(192,NULL,90,'高开一个点，开盘上攻，下杀在均线介入的。\n\n操作错误，太草率。应该回弹过高点再进的。 ','2021-02-18 07:29:01','2021-02-22 01:45:09'),(193,NULL,91,'弱转强，下水后，不断拉升，有资金承接。在9个点的时候追了。','2021-02-18 07:29:01','2021-02-22 02:26:55'),(194,NULL,92,'早盘拉高4个点后，舜速下杀，破了开盘价，然后上攻无力，很墨迹，再次破开盘价后出了。','2021-02-18 07:29:01','2021-02-22 02:30:05'),(195,NULL,93,'按照预期的，昨天涨停后，今天早盘下杀有资金承接，在均线附近补仓','2021-02-18 07:29:01','2021-02-22 03:06:05'),(196,NULL,94,'大盘跳水，它不跳，支撑很强','2021-02-18 07:29:01','2021-02-22 06:56:22'),(197,NULL,95,'尾盘跳水，到成本线了，先出','2021-02-18 07:29:01','2021-02-22 07:05:23'),(198,NULL,96,'尾盘跳水，下跌3个点，跌到了离平台支撑线差5分钱。因为离止损位不远，所以补仓博弈一下。破止损线离场。','2021-02-18 07:29:01','2021-02-22 12:01:06'),(200,27,NULL,'因为有很高得浮盈，止损线提高到平台支撑位','2021-02-18 07:29:01','2021-02-22 12:58:03'),(201,NULL,97,'早上分歧很大，高开低走，跌到成本附近出了','2021-02-18 07:29:01','2021-02-23 01:39:17'),(202,NULL,98,'国家大力支持5g，并且这只票资金承接也可以，补仓博弈一下','2021-02-18 07:29:01','2021-02-23 02:45:04'),(203,NULL,99,'目前价格在三角形内，先入500股做底仓，如果跌破三角形底部，出掉。如果突破三角形上边，加仓','2021-02-18 07:29:01','2021-02-23 02:51:31'),(204,NULL,100,'回调超过平台止盈线，出了','2021-02-18 07:29:01','2021-02-23 09:23:15'),(205,NULL,101,'回调超过平台线，先出了','2021-02-18 07:29:01','2021-02-23 09:24:06'),(207,NULL,102,'亏损-2.859%','2021-02-18 07:29:01','2021-02-23 12:33:17'),(208,NULL,102,'2进3失败的票，今天被核到水下6个点，尾盘拉到水下1个点。感觉资金承接还行，如果不是高位追进去，今天都是解套的。这种连板的票要么低吸很低，要么确实板的时候打板。感觉明天应该会冲高。然而我全部出了','2021-02-18 07:29:01','2021-02-23 12:34:06'),(209,59,NULL,'建筑遮阳材料，属于化工概念','2021-02-18 07:29:01','2021-02-24 02:13:22'),(210,NULL,103,'资金拉了一下，开起来回调后买入的','2021-02-18 07:29:01','2021-02-24 02:14:33'),(211,NULL,104,'昨天的下跌趋势并没有走坏，日线MACD斜率向上。并且今天多头很强，有突破平台压力位的趋势，所以先建个底仓','2021-02-18 07:29:01','2021-02-24 03:55:37'),(212,NULL,105,'尾盘果然拉升了，突破平台，加仓','2021-02-18 07:29:01','2021-02-24 06:38:25'),(213,58,NULL,'清仓后，第二天涨8个点','2021-02-18 07:29:01','2021-02-24 13:35:54'),(215,59,NULL,'貂蝉推荐的票，自己之前也做过，没拿住亏损出局。这次跌回支撑线，破线后无条件止损。','2021-02-18 07:29:01','2021-02-24 14:40:46'),(216,NULL,103,'大环境不好的情况下，太心急。其实最高的是今天不要开仓，最起码也要等尾盘。','2021-02-18 07:29:01','2021-02-24 14:42:27'),(219,NULL,106,'跌破止损线，并且大幅度下跌。止损出局。亏损7个点','2021-02-18 07:29:01','2021-02-25 02:14:02'),(220,NULL,107,'大盘跳水，先出了','2021-02-18 07:29:01','2021-02-25 06:11:11'),(221,60,NULL,'超跌反弹股\n1, 周线日线MACD斜率都向上。并且昨天在底部放了巨量。\n2,分时在突破第一高点后有资金介入。瞬间拉升。\n3, 次新股，最近资金在次新里比较多','2021-02-18 07:29:01','2021-02-26 02:03:47'),(222,NULL,108,'大盘在跌，他今天补跌，跌破成本线，感觉还有下的趋势。止损出了。亏损1.77个点','2021-02-18 07:29:01','2021-02-26 02:16:27'),(223,NULL,109,'大盘开盘大低开2个点，中泰低开在支撑位上。小仓做底仓。底部应该跌不了太多了。仓位底，可以做长线拿着。','2021-02-18 07:29:01','2021-02-26 04:23:26'),(224,NULL,110,'下午一个下杀后，拉起来，感觉是诱空。拉起来我追了300股','2021-02-18 07:29:01','2021-02-26 06:07:21'),(225,NULL,111,'过前高时候，突然有大单吃进，股价拉了一下。回落的时候介入的。收盘看来，有几个节点都是大单吃入，然后大部分时间是缩量下跌的。收盘收红。','2021-02-28 04:51:11','2021-02-28 09:38:17'),(226,61,NULL,'连板，试错','2021-02-28 04:51:11','2021-03-01 01:39:03'),(227,NULL,112,'3进4，资金承接强，每次下跌都不破前底，低吸500','2021-02-28 04:51:11','2021-03-01 02:02:25'),(228,NULL,113,'上板，扫的板，封单1.2亿后撤单，开板。下跌任不破前底。几分钟后再封1.23亿。 不足处应该打2封的。','2021-02-28 04:51:11','2021-03-01 02:04:33'),(229,62,NULL,'跟群里一个叫一阳老师的操作。有止损位，可以试试','2021-02-28 04:51:11','2021-03-01 06:58:03'),(230,NULL,114,'试试','2021-02-28 04:51:11','2021-03-01 06:58:39'),(231,63,NULL,'1，港资持续流入\n2，突破压力线37.76，在三角形3/4位置向上突破。回调不碰三角形下线。\n3，MACD周线，日线趋势向上。\n\n缺点就是，貂蝉荐股，如果很多人跟，容易洗盘。\n','2021-02-28 04:51:11','2021-03-01 14:13:28'),(232,64,NULL,'等待缩量下跌的那一天，再进','2021-02-28 04:51:11','2021-03-01 14:56:31'),(233,NULL,115,'觉得是洗筹，前天那个大下杀后，这三天拉起来10多个点。','2021-02-28 04:51:11','2021-03-02 02:01:12'),(234,NULL,116,'看到跌了4个点，并且缩量，所以补了一下','2021-02-28 04:51:11','2021-03-02 05:29:40'),(235,NULL,117,'1，换券商，\n2，大盘跌太猛，获利一个多点出了','2021-02-28 04:51:11','2021-03-02 06:16:05'),(236,NULL,118,'这两天一直有资金拉尾盘，建个底仓试试','2021-02-28 04:51:11','2021-03-02 06:22:56'),(237,61,NULL,'第二天它高开8个点，大盘高开低走跳水，短线高位杀，最高只有三板，晋级率9.6%很低。仁东高开后下杀，在3个点左右获利出的。','2021-02-28 04:51:11','2021-03-02 13:50:46'),(239,NULL,119,'高开8个点，看资金承接弱，在跌到3个点后，获利了结','2021-02-28 04:51:11','2021-03-02 13:54:31'),(240,NULL,120,'跌破0线后又被资金拉起来，在4个点附近震荡，感觉有资金做，要转强。补了小仓试错，买了后结果瞬间打到水下4个点','2021-02-28 04:51:11','2021-03-02 13:57:05'),(242,NULL,121,'又从水下快速拉升到4个人左右，感觉资金承接很强，补200。追的太高了，应该在回调后向上时候买的','2021-02-28 04:51:11','2021-03-02 13:59:35'),(243,NULL,122,'到下午1.30，快速拉升突破，追高进了。','2021-02-28 04:51:11','2021-03-02 14:01:21'),(244,NULL,123,'认为它要做分时双头，结果买出后，几分钟，立马拉升。说明主力也不想别人觉得是做双头，坏了预期。','2021-02-28 04:51:11','2021-03-03 06:32:02'),(245,NULL,124,'下午拉板后，炸板，回封快要再开的时候出掉了。然后一直板上换手，回封。','2021-02-28 04:51:11','2021-03-03 06:33:47'),(246,NULL,125,'也许明天可能会拉，一下，但是最近一直拉尾盘，第二天跌。所以到成本就出了。','2021-02-28 04:51:11','2021-03-03 06:38:37'),(247,65,NULL,'之前做过这只票，因为想着过年了，资金都跑路，然后亏损出了。现在这票逻辑不变，任然在向上的通道中，并且快要到通道底部，可以试着博弈一下。现在的位置，类似于沧海的风云位。','2021-02-28 04:51:11','2021-03-03 13:20:40'),(248,66,NULL,'农村振兴概念的，这几天国家大力提倡农村振兴，那么也是市场最高板，并且开盘就不弱，资金攻击很强，在板上二封时进入。','2021-02-28 04:51:11','2021-03-04 01:43:27'),(249,NULL,126,'二封没封住。','2021-02-28 04:51:11','2021-03-04 01:44:03'),(250,NULL,127,'今天又是高开高走，资金拉到8个点，任然很强','2021-02-28 04:51:11','2021-03-04 02:00:43'),(251,NULL,128,'没板，一直在高位8个点震荡换手，跌下来补一手','2021-02-28 04:51:11','2021-03-04 02:23:30'),(252,67,NULL,'之前做过这只票，当时割肉走了，现在从底部回到了我割肉的点。今天早盘瞬间拉涨停，排板，炸板后成交','2021-02-28 04:51:11','2021-03-04 03:06:25'),(253,NULL,129,'炸板成交，然后回封成功','2021-02-28 04:51:11','2021-03-04 03:07:30'),(254,NULL,130,'早盘拉了一把，然后回调下来了，level2提示有大量资金进入。同时也符合我之前制定的计划。','2021-02-28 04:51:11','2021-03-04 03:18:56'),(255,NULL,131,'感觉是风云位了','2021-02-28 04:51:11','2021-03-04 06:51:40'),(256,NULL,132,'尾盘继续下跌，再入100股，自己认为很低了','2021-02-28 04:51:11','2021-03-04 06:52:31'),(257,68,NULL,'上证50etf，今天大跌，觉得明天会反弹','2021-02-28 04:51:11','2021-03-04 06:58:40'),(258,NULL,133,'博明天反弹','2021-02-28 04:51:11','2021-03-04 06:59:16'),(259,NULL,134,'亏损','2021-02-28 04:51:11','2021-03-04 15:50:41');
/*!40000 ALTER TABLE `comment` ENABLE KEYS */;
UNLOCK TABLES;

--
-- Table structure for table `image`
--

DROP TABLE IF EXISTS `image`;
/*!40101 SET @saved_cs_client     = @@character_set_client */;
/*!50503 SET character_set_client = utf8mb4 */;
CREATE TABLE `image` (
  `id` int NOT NULL AUTO_INCREMENT,
  `trading_plan_id` int DEFAULT NULL,
  `trading_detail_id` int DEFAULT NULL,
  `image_url` text,
  `created_at` datetime NOT NULL,
  `updated_at` datetime NOT NULL,
  PRIMARY KEY (`id`)
) ENGINE=InnoDB AUTO_INCREMENT=21 DEFAULT CHARSET=utf8;
/*!40101 SET character_set_client = @saved_cs_client */;

--
-- Dumping data for table `image`
--

LOCK TABLES `image` WRITE;
/*!40000 ALTER TABLE `image` DISABLE KEYS */;
INSERT INTO `image` VALUES (1,25,0,'/public/images/2021-02-12/07-57-5050.png','2021-02-12 07:56:20','2021-02-12 07:57:41'),(2,27,0,'/public/images/2021-02-12/08-19-1190.png','2021-02-12 07:56:20','2021-02-12 08:19:31'),(3,33,0,'/public/images/2021-02-17/13-23-5530.png','2021-02-15 08:29:44','2021-02-17 13:23:29'),(4,33,0,'/public/images/2021-02-17/13-24-0980.png','2021-02-15 08:29:44','2021-02-17 13:24:37'),(5,34,0,'/public/images/2021-02-17/13-38-8370.png','2021-02-15 08:29:44','2021-02-17 13:38:11'),(6,34,0,'/public/images/2021-02-17/13-38-3970.png','2021-02-15 08:29:44','2021-02-17 13:38:12'),(7,54,0,'/public/images/2021-02-18/14-45-3170.png','2021-02-18 07:29:01','2021-02-18 14:45:01'),(8,55,0,'/public/images/2021-02-19/05-29-6340.png','2021-02-18 07:29:01','2021-02-19 05:29:35'),(9,55,0,'/public/images/2021-02-19/05-30-9800.png','2021-02-18 07:29:01','2021-02-19 05:30:04'),(10,27,0,'/public/images/2021-02-19/06-37-2500.png','2021-02-18 07:29:01','2021-02-19 06:37:02'),(11,27,0,'/public/images/2021-02-19/06-37-4330.png','2021-02-18 07:29:01','2021-02-19 06:37:02'),(12,56,0,'/public/images/2021-02-21/14-32-4510.png','2021-02-18 07:29:01','2021-02-21 14:32:43'),(13,57,0,'/public/images/2021-02-21/14-47-6520.png','2021-02-18 07:29:01','2021-02-21 14:47:25'),(14,59,0,'/public/images/2021-02-24/14-41-6830.png','2021-02-18 07:29:01','2021-02-24 14:41:19'),(15,56,0,'/public/images/2021-02-25/02-01-5550.png','2021-02-18 07:29:01','2021-02-25 02:01:18'),(16,56,0,'/public/images/2021-02-25/02-01-6810.png','2021-02-18 07:29:01','2021-02-25 02:01:18'),(17,61,0,'/public/images/2021-03-01/02-17-2130.png','2021-02-28 04:51:11','2021-03-01 02:17:45'),(18,61,0,'/public/images/2021-03-01/02-17-2550.png','2021-02-28 04:51:11','2021-03-01 02:17:45'),(19,62,0,'/public/images/2021-03-01/07-00-2080.png','2021-02-28 04:51:11','2021-03-01 07:00:57'),(20,62,0,'/public/images/2021-03-01/07-01-2160.png','2021-02-28 04:51:11','2021-03-01 07:01:06');
/*!40000 ALTER TABLE `image` ENABLE KEYS */;
UNLOCK TABLES;

--
-- Table structure for table `notepad`
--

DROP TABLE IF EXISTS `notepad`;
/*!40101 SET @saved_cs_client     = @@character_set_client */;
/*!50503 SET character_set_client = utf8mb4 */;
CREATE TABLE `notepad` (
  `id` int NOT NULL AUTO_INCREMENT,
  `title` varchar(255) DEFAULT NULL,
  `content` text,
  `type` varchar(255) DEFAULT 'html',
  `created_at` datetime NOT NULL,
  `updated_at` datetime NOT NULL,
  `delta` text,
  PRIMARY KEY (`id`)
) ENGINE=InnoDB AUTO_INCREMENT=37 DEFAULT CHARSET=utf8;
/*!40101 SET character_set_client = @saved_cs_client */;

--
-- Dumping data for table `notepad`
--

LOCK TABLES `notepad` WRITE;
/*!40000 ALTER TABLE `notepad` DISABLE KEYS */;
INSERT INTO `notepad` VALUES (6,'2020/12/28 | 星期一 | 股票察觉日记','<p>一、<strong>心态</strong></p><p>错过永远比错误好！</p><p>模式内大胆上，模式外不做，勿起贪恋！</p><p><br></p><p>二、<strong>知行合一</strong></p><p>临盘选股的逻辑，第一时间写出来在执行，能容易让我保持理性。</p><p>开盘后问一次自已，市场和自已的预判是否一致，尊重市场。</p><p><br></p><p>三、天时(大盘势能)</p><p>白酒板块卷土重来，酒鬼酒带头9.51涨停，中信证券上调1年期目标价到160。后青海春天，老白干酒，金种子酒2.30后跟涨停。</p><p>农业种植概念，众兴菌业 首板9.34涨停，乐丰种业 6天4板 10.18涨停。</p><p>电力板块涨停最多，但大部分都是尾盘涨停。闽东电力2天2板，9.31秒板，晋控电力4天3板，9.36涨停。赣能股份7天6板，尾盘涨停。</p><p>疑问❓到底是高连板的强，还是早早秒封的强呢？</p><p>第二天观察，早早封板的第二天继续封板。高连板的尾盘封的被核。赣能股份跌停，太阳能跌停，</p><p><br></p><p><br></p><p>四、地利(短线动能)</p><p>豫能控股10天9板，郑州煤电为代表的妖股继续连板。是在争夺妖王吗？</p><p>打板溢价高，短线强。</p><p><br></p><p>五、实盘交易</p><p>-4个点卖出涪陵榨菜，到止损位了。</p><p>早上打板太阳能。后炸板，2.30后封涨停。</p><p>中刚国际从-4个点涨到1个点，目前亏损中，也没出。</p><p><br></p><p>六、今日核心股</p><p><br></p><p><br></p><p>七、今日反思和总结</p><p>今天的计划是只卖不买。结果没管住手，打了太阳能的板。</p><p><br></p><p>八、明日买入计划</p><p><br></p><p><br></p><p>九、明日卖出计划</p><ol><li>中钢国际</li></ol>','html','2020-12-28 10:09:01','2020-12-29 07:21:13','{\"ops\":[{\"insert\":\"一、\"},{\"insert\":\"心态\",\"attributes\":{\"bold\":true}},{\"insert\":\"\\n错过永远比错误好！\\n模式内大胆上，模式外不做，勿起贪恋！\\n\\n二、\"},{\"insert\":\"知行合一\",\"attributes\":{\"bold\":true}},{\"insert\":\"\\n临盘选股的逻辑，第一时间写出来在执行，能容易让我保持理性。\\n开盘后问一次自已，市场和自已的预判是否一致，尊重市场。\\n\\n三、天时(大盘势能)\\n白酒板块卷土重来，酒鬼酒带头9.51涨停，中信证券上调1年期目标价到160。后青海春天，老白干酒，金种子酒2.30后跟涨停。\\n农业种植概念，众兴菌业 首板9.34涨停，乐丰种业 6天4板 10.18涨停。\\n电力板块涨停最多，但大部分都是尾盘涨停。闽东电力2天2板，9.31秒板，晋控电力4天3板，9.36涨停。赣能股份7天6板，尾盘涨停。\\n疑问❓到底是高连板的强，还是早早秒封的强呢？\\n第二天观察，早早封板的第二天继续封板。高连板的尾盘封的被核。赣能股份跌停，太阳能跌停，\\n\\n\\n四、地利(短线动能)\\n豫能控股10天9板，郑州煤电为代表的妖股继续连板。是在争夺妖王吗？\\n打板溢价高，短线强。\\n\\n五、实盘交易\\n-4个点卖出涪陵榨菜，到止损位了。\\n早上打板太阳能。后炸板，2.30后封涨停。\\n中刚国际从-4个点涨到1个点，目前亏损中，也没出。\\n\\n六、今日核心股\\n\\n\\n七、今日反思和总结\\n今天的计划是只卖不买。结果没管住手，打了太阳能的板。\\n\\n八、明日买入计划\\n\\n\\n九、明日卖出计划\\n中钢国际\"},{\"insert\":\"\\n\",\"attributes\":{\"list\":\"ordered\"}}]}'),(7,'2020/12/29 | 星期二 | 股票察觉日记','<h3>一、心态</h3><ol><li><strong style=\"color: red;\">错过永远比错误好！</strong></li><li><strong>模式内大胆上，模式外不做，勿起贪恋！</strong></li></ol><p><br></p><h3>二、知行合一</h3><ol><li>临盘选股的逻辑，第一时间写出来在执行，能容易让我保持理性。</li><li>开盘后问一次自已，市场和自已的预判是否一致，尊重市场。</li></ol><p><br></p><h3>三、天时(大盘势能)</h3><ol><li>今天资金去了通信设备。移为通信20个点10.27涨停。</li><li>电力，光伏板块回调。<u>闽东电力</u>勉强尾盘封涨停。</li><li>农业种植板块，乐丰种业炸板，收盘跌3.71%。换手41.93%，成交30.56个亿。巨量阴线。</li></ol><p><br></p><h3>四、地利(短线动能)</h3><ol><li>昨天打板的票大部分被核。炸板率高，不少追头部券商的也被埋。豫能控股跌-5.78%，乐丰种业上午封板，下午炸板，收盘跌-3.71%。</li><li>昨天打板的太阳能今天跌停。龙头怎么都不会跌停。所以一定要做龙头。</li><li>等待新龙头的确认。</li></ol><p><br></p><h3>五、实盘交易</h3><ol><li>在水下9个点的时候补了5000块。看来明天还要吃面。目前亏7.6个点</li><li>尾盘-7个点卖出中钢国际，亏9.6个点。</li><li>早盘追了国金证券，吃面3个点。看到中原证券快速拉涨停。国金证券有跟的动作。买入后下跌，很弱。暂时拿着，等解套。</li><li>买入丹帮科技。大幅下跌后，止跌，MACD向上柱缩短。</li></ol><p><br></p><h3>六、今日核心股</h3><ol><li>移为通信20cm涨停</li><li><br></li></ol><p><br></p><h3>七、今日反思和总结</h3><ol><li>不能知行合一，管不住自己的手。总认为有机会，怕错过行情。错过永远比错误好！当你要买入的时候停下来，重复一遍逻辑。然后查看5分钟线。买入要慢。</li></ol><p><br></p><h3>八、明日买入计划</h3><ol><li>无</li></ol><p><br></p><h3>九、明日卖出计划</h3><ol><li>卖出太阳能</li></ol>','html','2020-12-29 07:55:46','2020-12-29 08:21:20','{\"ops\":[{\"insert\":\"一、心态\"},{\"insert\":\"\\n\",\"attributes\":{\"header\":3}},{\"insert\":\"错过永远比错误好！\",\"attributes\":{\"color\":\"red\",\"bold\":true}},{\"insert\":\"\\n\",\"attributes\":{\"list\":\"ordered\"}},{\"insert\":\"模式内大胆上，模式外不做，勿起贪恋！\",\"attributes\":{\"bold\":true}},{\"insert\":\"\\n\",\"attributes\":{\"list\":\"ordered\"}},{\"insert\":\"\\n二、知行合一\"},{\"insert\":\"\\n\",\"attributes\":{\"header\":3}},{\"insert\":\"临盘选股的逻辑，第一时间写出来在执行，能容易让我保持理性。\"},{\"insert\":\"\\n\",\"attributes\":{\"list\":\"ordered\"}},{\"insert\":\"开盘后问一次自已，市场和自已的预判是否一致，尊重市场。\"},{\"insert\":\"\\n\",\"attributes\":{\"list\":\"ordered\"}},{\"insert\":\"\\n三、天时(大盘势能)\"},{\"insert\":\"\\n\",\"attributes\":{\"header\":3}},{\"insert\":\"今天资金去了通信设备。移为通信20个点10.27涨停。\"},{\"insert\":\"\\n\",\"attributes\":{\"list\":\"ordered\"}},{\"insert\":\"电力，光伏板块回调。\"},{\"insert\":\"闽东电力\",\"attributes\":{\"underline\":true}},{\"insert\":\"勉强尾盘封涨停。\"},{\"insert\":\"\\n\",\"attributes\":{\"list\":\"ordered\"}},{\"insert\":\"农业种植板块，乐丰种业炸板，收盘跌3.71%。换手41.93%，成交30.56个亿。巨量阴线。\"},{\"insert\":\"\\n\",\"attributes\":{\"list\":\"ordered\"}},{\"insert\":\"\\n四、地利(短线动能)\"},{\"insert\":\"\\n\",\"attributes\":{\"header\":3}},{\"insert\":\"昨天打板的票大部分被核。炸板率高，不少追头部券商的也被埋。豫能控股跌-5.78%，乐丰种业上午封板，下午炸板，收盘跌-3.71%。\"},{\"insert\":\"\\n\",\"attributes\":{\"list\":\"ordered\"}},{\"insert\":\"昨天打板的太阳能今天跌停。龙头怎么都不会跌停。所以一定要做龙头。\"},{\"insert\":\"\\n\",\"attributes\":{\"list\":\"ordered\"}},{\"insert\":\"等待新龙头的确认。\"},{\"insert\":\"\\n\",\"attributes\":{\"list\":\"ordered\"}},{\"insert\":\"\\n五、实盘交易\"},{\"insert\":\"\\n\",\"attributes\":{\"header\":3}},{\"insert\":\"在水下9个点的时候补了5000块。看来明天还要吃面。目前亏7.6个点\"},{\"insert\":\"\\n\",\"attributes\":{\"list\":\"ordered\"}},{\"insert\":\"尾盘-7个点卖出中钢国际，亏9.6个点。\"},{\"insert\":\"\\n\",\"attributes\":{\"list\":\"ordered\"}},{\"insert\":\"早盘追了国金证券，吃面3个点。看到中原证券快速拉涨停。国金证券有跟的动作。买入后下跌，很弱。暂时拿着，等解套。\"},{\"insert\":\"\\n\",\"attributes\":{\"list\":\"ordered\"}},{\"insert\":\"买入丹帮科技。大幅下跌后，止跌，MACD向上柱缩短。\"},{\"insert\":\"\\n\",\"attributes\":{\"list\":\"ordered\"}},{\"insert\":\"\\n六、今日核心股\"},{\"insert\":\"\\n\",\"attributes\":{\"header\":3}},{\"insert\":\"移为通信20cm涨停\"},{\"insert\":\"\\n\\n\",\"attributes\":{\"list\":\"ordered\"}},{\"insert\":\"\\n七、今日反思和总结\"},{\"insert\":\"\\n\",\"attributes\":{\"header\":3}},{\"insert\":\"不能知行合一，管不住自己的手。总认为有机会，怕错过行情。错过永远比错误好！当你要买入的时候停下来，重复一遍逻辑。然后查看5分钟线。买入要慢。\"},{\"insert\":\"\\n\",\"attributes\":{\"list\":\"ordered\"}},{\"insert\":\"\\n八、明日买入计划\"},{\"insert\":\"\\n\",\"attributes\":{\"header\":3}},{\"insert\":\"无\"},{\"insert\":\"\\n\",\"attributes\":{\"list\":\"ordered\"}},{\"insert\":\"\\n九、明日卖出计划\"},{\"insert\":\"\\n\",\"attributes\":{\"header\":3}},{\"insert\":\"卖出太阳能\"},{\"insert\":\"\\n\",\"attributes\":{\"list\":\"ordered\"}}]}'),(9,'2020/12/30 | 观察打板经验','<ol><li>关注昨日连板票。</li><li>从集合竞价开始观察。</li><li>涨的越厉害的越强。</li><li>换手越高越好。但优先级低于涨幅。</li><li>盘子不能小于30亿，不能大于200亿</li></ol><p><br></p><p>经验:</p><ol><li>连板后跌停票，第二天高开高走，说明这票也强势。如今天的<u>太阳能。</u></li><li>被套的票，一旦解套账户变红，不要幻想，立即出掉。</li></ol>','html','2020-12-29 07:55:46','2020-12-30 01:47:58','{\"ops\":[{\"insert\":\"关注昨日连板票。\"},{\"insert\":\"\\n\",\"attributes\":{\"list\":\"ordered\"}},{\"insert\":\"从集合竞价开始观察。\"},{\"insert\":\"\\n\",\"attributes\":{\"list\":\"ordered\"}},{\"insert\":\"涨的越厉害的越强。\"},{\"insert\":\"\\n\",\"attributes\":{\"list\":\"ordered\"}},{\"insert\":\"换手越高越好。但优先级低于涨幅。\"},{\"insert\":\"\\n\",\"attributes\":{\"list\":\"ordered\"}},{\"insert\":\"盘子不能小于30亿，不能大于200亿\"},{\"insert\":\"\\n\",\"attributes\":{\"list\":\"ordered\"}},{\"insert\":\"\\n经验:\\n连板后跌停票，第二天高开高走，说明这票也强势。如今天的\"},{\"insert\":\"太阳能。\",\"attributes\":{\"underline\":true}},{\"insert\":\"\\n\",\"attributes\":{\"list\":\"ordered\"}},{\"insert\":\"被套的票，一旦解套账户变红，不要幻想，立即出掉。\"},{\"insert\":\"\\n\",\"attributes\":{\"list\":\"ordered\"}}]}'),(12,'2020/12/30 | 星期三 | 股票察觉日记','<h3>一、心态</h3><ol><li><strong style=\"color: red;\">错过永远比错误好！</strong></li><li><strong>模式内大胆上，模式外不做，勿起贪恋！</strong></li></ol><p><br></p><h3>二、知行合一</h3><ol><li>临盘选股的逻辑，第一时间写出来在执行，能容易让我保持理性。</li><li>开盘后问一次自已，市场和自已的预判是否一致，尊重市场。</li></ol><p><br></p><h3>三、天时(大盘势能)</h3><ol><li>今天上证大涨1.05%，深成指午后创5年半新高。</li><li>券商板块大涨，锂电池概念涨停14支。</li><li>科技股反弹。</li></ol><p><br></p><h3>四、地利(短线动能)</h3><ol><li>今天涨停78支，连板11支。</li><li>长春燃气5天5板。早盘跌停，全天20个点的震荡。</li><li>晋控电力6天5板，开盘秒板。</li></ol><p><br></p><h3>五、实盘交易</h3><ol><li>打板晋控电力2手，涨停。试试感觉。集合竞价到开盘涨9个多点。连板中涨幅最高的。开盘被砸到5个点，后有资金承接，拉板。</li><li>打板冰山冷热1手，吃面-6.8%。开盘涨8个点，并且换手率2点多，比其他任何连板票都高。缺点市值太小28.6亿。明天应该继续吃面。</li><li>买入闻泰科技97.16。闻泰形成双低，并且上涨确认。</li></ol><p><br></p><h3>六、今日最靓的仔</h3><ol><li>长春燃气，从跌停到涨停。</li><li>晋控电力</li></ol><p><br></p><h3>七、今日反思和总结</h3><ol><li>今天做的好的是在想买票的时候不断提醒自己要慢，观察5分钟线。没有在高点买入智飞生物。可以错过，不可错误。</li></ol><p><br></p><h3>八、明日买入计划</h3><ol><li>无</li></ol><p><br></p><h3>九、明日卖出计划</h3><ol><li>冰山冷热</li></ol>','html','2020-12-30 07:47:01','2020-12-30 12:32:29','{\"ops\":[{\"insert\":\"一、心态\"},{\"insert\":\"\\n\",\"attributes\":{\"header\":3}},{\"insert\":\"错过永远比错误好！\",\"attributes\":{\"color\":\"red\",\"bold\":true}},{\"insert\":\"\\n\",\"attributes\":{\"list\":\"ordered\"}},{\"insert\":\"模式内大胆上，模式外不做，勿起贪恋！\",\"attributes\":{\"bold\":true}},{\"insert\":\"\\n\",\"attributes\":{\"list\":\"ordered\"}},{\"insert\":\"\\n二、知行合一\"},{\"insert\":\"\\n\",\"attributes\":{\"header\":3}},{\"insert\":\"临盘选股的逻辑，第一时间写出来在执行，能容易让我保持理性。\"},{\"insert\":\"\\n\",\"attributes\":{\"list\":\"ordered\"}},{\"insert\":\"开盘后问一次自已，市场和自已的预判是否一致，尊重市场。\"},{\"insert\":\"\\n\",\"attributes\":{\"list\":\"ordered\"}},{\"insert\":\"\\n三、天时(大盘势能)\"},{\"insert\":\"\\n\",\"attributes\":{\"header\":3}},{\"insert\":\"今天上证大涨1.05%，深成指午后创5年半新高。\"},{\"insert\":\"\\n\",\"attributes\":{\"list\":\"ordered\"}},{\"insert\":\"券商板块大涨，锂电池概念涨停14支。\"},{\"insert\":\"\\n\",\"attributes\":{\"list\":\"ordered\"}},{\"insert\":\"科技股反弹。\"},{\"insert\":\"\\n\",\"attributes\":{\"list\":\"ordered\"}},{\"insert\":\"\\n四、地利(短线动能)\"},{\"insert\":\"\\n\",\"attributes\":{\"header\":3}},{\"insert\":\"今天涨停78支，连板11支。\"},{\"insert\":\"\\n\",\"attributes\":{\"list\":\"ordered\"}},{\"insert\":\"长春燃气5天5板。早盘跌停，全天20个点的震荡。\"},{\"insert\":\"\\n\",\"attributes\":{\"list\":\"ordered\"}},{\"insert\":\"晋控电力6天5板，开盘秒板。\"},{\"insert\":\"\\n\",\"attributes\":{\"list\":\"ordered\"}},{\"insert\":\"\\n五、实盘交易\"},{\"insert\":\"\\n\",\"attributes\":{\"header\":3}},{\"insert\":\"打板晋控电力2手，涨停。试试感觉。集合竞价到开盘涨9个多点。连板中涨幅最高的。开盘被砸到5个点，后有资金承接，拉板。\"},{\"insert\":\"\\n\",\"attributes\":{\"list\":\"ordered\"}},{\"insert\":\"打板冰山冷热1手，吃面-6.8%。开盘涨8个点，并且换手率2点多，比其他任何连板票都高。缺点市值太小28.6亿。明天应该继续吃面。\"},{\"insert\":\"\\n\",\"attributes\":{\"list\":\"ordered\"}},{\"insert\":\"买入闻泰科技97.16。闻泰形成双低，并且上涨确认。\"},{\"insert\":\"\\n\",\"attributes\":{\"list\":\"ordered\"}},{\"insert\":\"\\n六、今日最靓的仔\"},{\"insert\":\"\\n\",\"attributes\":{\"header\":3}},{\"insert\":\"长春燃气，从跌停到涨停。\"},{\"insert\":\"\\n\",\"attributes\":{\"list\":\"ordered\"}},{\"insert\":\"晋控电力\"},{\"insert\":\"\\n\",\"attributes\":{\"list\":\"ordered\"}},{\"insert\":\"\\n七、今日反思和总结\"},{\"insert\":\"\\n\",\"attributes\":{\"header\":3}},{\"insert\":\"今天做的好的是在想买票的时候不断提醒自己要慢，观察5分钟线。没有在高点买入智飞生物。可以错过，不可错误。\"},{\"insert\":\"\\n\",\"attributes\":{\"list\":\"ordered\"}},{\"insert\":\"\\n八、明日买入计划\"},{\"insert\":\"\\n\",\"attributes\":{\"header\":3}},{\"insert\":\"无\"},{\"insert\":\"\\n\",\"attributes\":{\"list\":\"ordered\"}},{\"insert\":\"\\n九、明日卖出计划\"},{\"insert\":\"\\n\",\"attributes\":{\"header\":3}},{\"insert\":\"冰山冷热\"},{\"insert\":\"\\n\",\"attributes\":{\"list\":\"ordered\"}}]}'),(13,'2021/1/6 | 星期三 | 股票察觉日记','<h3>一、心态</h3><ol><li><strong style=\"color: red;\">错过永远比错误好！</strong></li><li><strong>模式内大胆上，模式外不做，勿起贪恋！</strong></li></ol><p><br></p><h3>二、知行合一</h3><ol><li>临盘选股的逻辑，第一时间写出来在执行，能容易让我保持理性。</li><li>开盘后问一次自已，市场和自已的预判是否一致，尊重市场。</li></ol><p><br></p><h3>三、天时(大盘势能)</h3><ol><li>指数涨，个股跌</li></ol><p><br></p><h3>四、地利(短线动能)</h3><ol><li>短线弱</li></ol><p><br></p><h3>五、实盘交易</h3><ol><li>无</li></ol><p><br></p><h3>六、今日核心股</h3><ol><li><br></li></ol><p><br></p><h3>七、今日反思和总结</h3><ol><li><br></li></ol><p><br></p><h3>八、明日买入计划</h3><ol><li>无</li></ol><p><br></p><h3>九、明日卖出计划</h3><ol><li>明天风险很大，不能买股。能解套有机会就把手里票出了。</li></ol>','html','2020-12-30 07:47:01','2021-01-06 13:40:03','{\"ops\":[{\"insert\":\"一、心态\"},{\"insert\":\"\\n\",\"attributes\":{\"header\":3}},{\"insert\":\"错过永远比错误好！\",\"attributes\":{\"color\":\"red\",\"bold\":true}},{\"insert\":\"\\n\",\"attributes\":{\"list\":\"ordered\"}},{\"insert\":\"模式内大胆上，模式外不做，勿起贪恋！\",\"attributes\":{\"bold\":true}},{\"insert\":\"\\n\",\"attributes\":{\"list\":\"ordered\"}},{\"insert\":\"\\n二、知行合一\"},{\"insert\":\"\\n\",\"attributes\":{\"header\":3}},{\"insert\":\"临盘选股的逻辑，第一时间写出来在执行，能容易让我保持理性。\"},{\"insert\":\"\\n\",\"attributes\":{\"list\":\"ordered\"}},{\"insert\":\"开盘后问一次自已，市场和自已的预判是否一致，尊重市场。\"},{\"insert\":\"\\n\",\"attributes\":{\"list\":\"ordered\"}},{\"insert\":\"\\n三、天时(大盘势能)\"},{\"insert\":\"\\n\",\"attributes\":{\"header\":3}},{\"insert\":\"指数涨，个股跌\"},{\"insert\":\"\\n\",\"attributes\":{\"list\":\"ordered\"}},{\"insert\":\"\\n四、地利(短线动能)\"},{\"insert\":\"\\n\",\"attributes\":{\"header\":3}},{\"insert\":\"短线弱\"},{\"insert\":\"\\n\",\"attributes\":{\"list\":\"ordered\"}},{\"insert\":\"\\n五、实盘交易\"},{\"insert\":\"\\n\",\"attributes\":{\"header\":3}},{\"insert\":\"无\"},{\"insert\":\"\\n\",\"attributes\":{\"list\":\"ordered\"}},{\"insert\":\"\\n六、今日核心股\"},{\"insert\":\"\\n\",\"attributes\":{\"header\":3}},{\"insert\":\"\\n\",\"attributes\":{\"list\":\"ordered\"}},{\"insert\":\"\\n七、今日反思和总结\"},{\"insert\":\"\\n\",\"attributes\":{\"header\":3}},{\"insert\":\"\\n\",\"attributes\":{\"list\":\"ordered\"}},{\"insert\":\"\\n八、明日买入计划\"},{\"insert\":\"\\n\",\"attributes\":{\"header\":3}},{\"insert\":\"无\"},{\"insert\":\"\\n\",\"attributes\":{\"list\":\"ordered\"}},{\"insert\":\"\\n九、明日卖出计划\"},{\"insert\":\"\\n\",\"attributes\":{\"header\":3}},{\"insert\":\"明天风险很大，不能买股。能解套有机会就把手里票出了。\"},{\"insert\":\"\\n\",\"attributes\":{\"list\":\"ordered\"}}]}'),(14,'2021/1/9 | 涨停穿过200日线 观察，首次注意到宜宾纸业','<p>昨天有4只：</p><p><img src=\"https://api.moyebuy.com/public/images/2021-01-09/02-08-1830.png\" alt=\"图像\"></p><p><br></p><p><img src=\"https://api.moyebuy.com/public/images/2021-01-09/02-20-7000.jpg\" alt=\"图像\"></p><p><img src=\"https://api.moyebuy.com/public/images/2021-01-09/02-20-9490.jpg\" alt=\"图像\"></p><p>1,天润工业，前期套闹盘太多，微放量涨停。多头力量薄弱。</p><p><br></p><p>2,嘉事堂，医药电商板块唯一首板涨停。放巨量，早上炸板，午后封板。前期套牢盘太多，穿200线不深。多头力量薄弱。</p><p><img src=\"https://api.moyebuy.com/public/images/2021-01-09/02-28-2460.png\" alt=\"图像\"></p><p><img src=\"https://api.moyebuy.com/public/images/2021-01-09/02-28-9680.png\" alt=\"图像\"></p><p><br></p><p> 3,国中水务。燃气水务行业，环保概念。水务唯一板，环保有两只涨停。与前期高点，量齐平。前期高点释放了不少套牢盘，上涨压力不大。多头力量稍强。午后尾盘封板，穿200线较深，封板金额少。</p><p><img src=\"https://api.moyebuy.com/public/images/2021-01-09/02-41-8450.png\" alt=\"图像\"><img src=\"https://api.moyebuy.com/public/images/2021-01-09/02-41-3260.png\" alt=\"图像\"></p><p><br></p><p>4、宜宾纸业。造纸业，板块唯一涨停股票。3连板。前天放巨量后第二天强势涨停。今天缩量上涨。连续涨停穿过200线。前期释放大量套牢盘。多头力量偏多。重点关注。</p><p><img src=\"https://api.moyebuy.com/public/images/2021-01-09/03-06-4420.png\" alt=\"图像\"></p><p><img src=\"https://api.moyebuy.com/public/images/2021-01-09/03-06-9570.png\" alt=\"图像\"></p>','html','2020-12-30 07:47:01','2021-01-09 02:23:21','{\"ops\":[{\"insert\":\"昨天有4只：\\n\"},{\"insert\":{\"image\":\"https://api.moyebuy.com/public/images/2021-01-09/02-08-1830.png\"},\"attributes\":{\"alt\":\"图像\"}},{\"insert\":\"\\n\\n\"},{\"insert\":{\"image\":\"https://api.moyebuy.com/public/images/2021-01-09/02-20-7000.jpg\"},\"attributes\":{\"alt\":\"图像\"}},{\"insert\":\"\\n\"},{\"insert\":{\"image\":\"https://api.moyebuy.com/public/images/2021-01-09/02-20-9490.jpg\"},\"attributes\":{\"alt\":\"图像\"}},{\"insert\":\"\\n1,天润工业，前期套闹盘太多，微放量涨停。多头力量薄弱。\\n\\n2,嘉事堂，医药电商板块唯一首板涨停。放巨量，早上炸板，午后封板。前期套牢盘太多，穿200线不深。多头力量薄弱。\\n\"},{\"insert\":{\"image\":\"https://api.moyebuy.com/public/images/2021-01-09/02-28-2460.png\"},\"attributes\":{\"alt\":\"图像\"}},{\"insert\":\"\\n\"},{\"insert\":{\"image\":\"https://api.moyebuy.com/public/images/2021-01-09/02-28-9680.png\"},\"attributes\":{\"alt\":\"图像\"}},{\"insert\":\"\\n\\n 3,国中水务。燃气水务行业，环保概念。水务唯一板，环保有两只涨停。与前期高点，量齐平。前期高点释放了不少套牢盘，上涨压力不大。多头力量稍强。午后尾盘封板，穿200线较深，封板金额少。\\n\"},{\"insert\":{\"image\":\"https://api.moyebuy.com/public/images/2021-01-09/02-41-8450.png\"},\"attributes\":{\"alt\":\"图像\"}},{\"insert\":{\"image\":\"https://api.moyebuy.com/public/images/2021-01-09/02-41-3260.png\"},\"attributes\":{\"alt\":\"图像\"}},{\"insert\":\"\\n\\n4、宜宾纸业。造纸业，板块唯一涨停股票。3连板。前天放巨量后第二天强势涨停。今天缩量上涨。连续涨停穿过200线。前期释放大量套牢盘。多头力量偏多。重点关注。\\n\"},{\"insert\":{\"image\":\"https://api.moyebuy.com/public/images/2021-01-09/03-06-4420.png\"},\"attributes\":{\"alt\":\"图像\"}},{\"insert\":\"\\n\"},{\"insert\":{\"image\":\"https://api.moyebuy.com/public/images/2021-01-09/03-06-9570.png\"},\"attributes\":{\"alt\":\"图像\"}},{\"insert\":\"\\n\"}]}'),(15,'2021/1/11 | 星期一 | 宜宾纸业反思','<p>今天早盘第一次买入宜宾纸业操作没错，因为前天放量板，第二天强势封涨停。今天集合竞价从涨停打开到水下。开盘直线拉升到7个点回调后买入。</p><p><br></p><p>错误的地方在于，没封板的时候在板上加仓。该反思。<img src=\"https://api.moyebuy.com/public/images/2021-01-11/02-26-4160.png\" alt=\"图像\"></p>','html','2020-12-30 07:47:01','2021-01-11 02:26:40','{\"ops\":[{\"insert\":\"今天早盘第一次买入宜宾纸业操作没错，因为前天放量板，第二天强势封涨停。今天集合竞价从涨停打开到水下。开盘直线拉升到7个点回调后买入。\\n\\n错误的地方在于，没封板的时候在板上加仓。该反思。\"},{\"insert\":{\"image\":\"https://api.moyebuy.com/public/images/2021-01-11/02-26-4160.png\"},\"attributes\":{\"alt\":\"图像\"}},{\"insert\":\"\\n\"}]}'),(16,'2021/1/12 | 星期二 | 宜宾纸业弱转强强势封板','<p>宜宾纸业强势封板，市场唯一5板妖龙。收盘后公告称利群亏损。给明天带来不确定性。分歧会很大。</p><p>明天计划:开盘不及预期，开盘后资金承接力度小，分时线快速下跌，直接清仓。如果板了继续持有。</p>','html','2021-01-12 07:01:51','2021-01-12 14:12:05','{\"ops\":[{\"insert\":\"宜宾纸业强势封板，市场唯一5板妖龙。收盘后公告称利群亏损。给明天带来不确定性。分歧会很大。\\n明天计划:开盘不及预期，开盘后资金承接力度小，分时线快速下跌，直接清仓。如果板了继续持有。\\n\"}]}'),(17,'2021/1/13 | 星期三 | 宜宾纸业反思','<p>今天开盘分歧后，继续封板。目前市场是最高的第六板。</p><p><br></p><p>总结:市场总龙头没那么容易死，有分歧就有人上车。它是大哥，如果大哥都倒了，这个市场一定行情非常差，其他小弟早就倒了。小弟都看着大哥的脸色。除非有新的大妖龙起来或者大环境不好，把龙头打绿。否则就在车上别下来。</p><p><br></p><p>1,记住，所有的利好还是利空消息都妖股来说，想要真正知道它接下来会怎样走，要看当日市场对其的反应，大家也可以看到即使是利好消息，有时候也是会跌停。</p><p><br></p><p>所以不要去YY任何一条消息，所有的走势都要看当天市场对其的态度，就像今日的宜宾纸业一开盘就是大高开往上猛拉，说明该消息对它没有任何的影响；</p><p><br></p><p>2,最重要的一点无论什么消息的影响，如果该票盘中走势符合自己制定的计划，上车就完事了；如果不符合，就直接放弃操作即可，以客观事实为主，这就是执行力的严格执行。</p>','html','2021-01-12 07:01:51','2021-01-13 03:09:56','{\"ops\":[{\"insert\":\"今天开盘分歧后，继续封板。目前市场是最高的第六板。\\n\\n总结:市场总龙头没那么容易死，有分歧就有人上车。它是大哥，如果大哥都倒了，这个市场一定行情非常差，其他小弟早就倒了。小弟都看着大哥的脸色。除非有新的大妖龙起来或者大环境不好，把龙头打绿。否则就在车上别下来。\\n\\n1,记住，所有的利好还是利空消息都妖股来说，想要真正知道它接下来会怎样走，要看当日市场对其的反应，大家也可以看到即使是利好消息，有时候也是会跌停。\\n\\n所以不要去YY任何一条消息，所有的走势都要看当天市场对其的态度，就像今日的宜宾纸业一开盘就是大高开往上猛拉，说明该消息对它没有任何的影响；\\n\\n2,最重要的一点无论什么消息的影响，如果该票盘中走势符合自己制定的计划，上车就完事了；如果不符合，就直接放弃操作即可，以客观事实为主，这就是执行力的严格执行。\\n\"}]}'),(18,'2021/1/14 | 星期四 | 反思','<p><strong>大部分票都在涨，而我却在大亏</strong>！</p><p><br></p><p>1,抄底，相当危险的做法。特别是在没有企稳的情况下，还重仓介入。</p><p>2,不要太相信弱转强。真正的弱转强第二天是不会给你机会上车的！</p><p>3,做龙头，只做龙头！不做杂毛！</p>','html','2021-01-12 07:01:51','2021-01-14 07:37:27','{\"ops\":[{\"insert\":\"大部分票都在涨，而我却在大亏\",\"attributes\":{\"bold\":true}},{\"insert\":\"！\\n\\n1,抄底，相当危险的做法。特别是在没有企稳的情况下，还重仓介入。\\n2,不要太相信弱转强。真正的弱转强第二天是不会给你机会上车的！\\n3,做龙头，只做龙头！不做杂毛！\\n\"}]}'),(19,'2021/1/15 | 星期五 | 长城汽车，东方财富反思','<p>今天脑袋是被驴踢了吗？</p><p>想都没想直接重仓买入长城汽车和东方财富。</p><p>操作完全是被情绪控制，长城汽车重仓买在最日内最高点。吃套！吃套！最近的操作都白学了吗？</p><p><br></p><p>买入的是计划！计划好了，才能买！</p>','html','2021-01-12 07:01:51','2021-01-15 08:21:56','{\"ops\":[{\"insert\":\"今天脑袋是被驴踢了吗？\\n想都没想直接重仓买入长城汽车和东方财富。\\n操作完全是被情绪控制，长城汽车重仓买在最日内最高点。吃套！吃套！最近的操作都白学了吗？\\n\\n买入的是计划！计划好了，才能买！\\n\"}]}'),(20,'2021/1/18 | 星期一 | 反思','<p>就算要亏欠，也只能把钱亏在总龙头上，不能亏在杂毛上！</p>','html','2021-01-12 07:01:51','2021-01-18 01:53:09','{\"ops\":[{\"insert\":\"就算要亏欠，也只能把钱亏在总龙头上，不能亏在杂毛上！\\n\"}]}'),(21,'2021/1/28 | 星期四 | 养家心法','<p>关于补仓以及止损这样的问题，我的回答是，你还有补仓或者止损的想法，就说明你的心理还有成本这个障碍，好的操作，应该是最简单的，只有买入或者卖出。</p><p><br></p><p>个人觉得炒股应有大局观，站在更高的角度来审视市场，选择机会大于风险的股票进行操作，而不是拘泥于止损止盈这类。看好买入，不看好卖出或则换股，操作越简单越好。</p>','html','2021-01-21 07:46:33','2021-01-28 12:39:07','{\"ops\":[{\"insert\":\"关于补仓以及止损这样的问题，我的回答是，你还有补仓或者止损的想法，就说明你的心理还有成本这个障碍，好的操作，应该是最简单的，只有买入或者卖出。\\n\\n个人觉得炒股应有大局观，站在更高的角度来审视市场，选择机会大于风险的股票进行操作，而不是拘泥于止损止盈这类。看好买入，不看好卖出或则换股，操作越简单越好。\\n\"}]}'),(22,'2021/1/31 | 星期天 | 影视概念的机会','<h1><span style=\"background-color: rgb(0, 255, 0);\">临近年关，资金会撤出股市，不少人不会持股过节，所以这周涨起来是给减仓的！</span></h1><p><br></p><p>2021/1/29市场受收紧货币政策的传言影响一度暴跌，尾盘在央行辟谣后拉回一点点。整个市场都在跌，在<u>祥源文化</u>4连板的带领下，游戏文化传媒，和影视概念逆势上涨。影视概念因受疫情影响，一直没有太大表现。年末贺岁档，和疫情逐渐的恢复，可以关注电影传媒的票。</p><p><br></p><p><u>万达电影</u></p><p>目前日线突破压力位。周线企稳，水平震荡一年左右，目前价格在19年高点左右。回调到20块的支撑位后不破，可以适当买点底仓。破支撑位20元止损。</p><p><img src=\"https://api.moyebuy.com/public/images/2021-01-31/13-44-6640.png\" alt=\"图像\"><img src=\"https://api.moyebuy.com/public/images/2021-01-31/13-44-6830.png\" alt=\"图像\"></p><p><br></p><p>&nbsp;</p><p>2.横店影视</p><p>目前超跌，价位在周线和日线的支撑位附近。短期支撑位为13.69。跌破支撑位止损。目前周线不符合三重滤网趋势战法第一层。所以要等。</p><p><img src=\"https://api.moyebuy.com/public/images/2021-01-31/14-00-4160.png\" alt=\"图像\"></p><p><br></p><p><br></p><p><u>明日2021/2/1，2月第一个交易日会是什么情况？</u></p><p>复盘：<span style=\"background-color: rgb(0, 255, 0);\">今天低开高走，然后下杀到3470点，止跌反弹，深v后尾盘站上3500点.</span></p><p><br></p>','html','2021-01-31 04:50:53','2021-01-31 13:44:31','{\"ops\":[{\"insert\":\"临近年关，资金会撤出股市，不少人不会持股过节，所以这周涨起来是给减仓的！\",\"attributes\":{\"backgroundColor\":\"#00ff00\"}},{\"insert\":\"\\n\",\"attributes\":{\"header\":1}},{\"insert\":\"\\n2021/1/29市场受收紧货币政策的传言影响一度暴跌，尾盘在央行辟谣后拉回一点点。整个市场都在跌，在\"},{\"insert\":\"祥源文化\",\"attributes\":{\"underline\":true}},{\"insert\":\"4连板的带领下，游戏文化传媒，和影视概念逆势上涨。影视概念因受疫情影响，一直没有太大表现。年末贺岁档，和疫情逐渐的恢复，可以关注电影传媒的票。\\n\\n\"},{\"insert\":\"万达电影\",\"attributes\":{\"underline\":true}},{\"insert\":\"\\n目前日线突破压力位。周线企稳，水平震荡一年左右，目前价格在19年高点左右。回调到20块的支撑位后不破，可以适当买点底仓。破支撑位20元止损。\\n\"},{\"insert\":{\"image\":\"https://api.moyebuy.com/public/images/2021-01-31/13-44-6640.png\"},\"attributes\":{\"alt\":\"图像\"}},{\"insert\":{\"image\":\"https://api.moyebuy.com/public/images/2021-01-31/13-44-6830.png\"},\"attributes\":{\"alt\":\"图像\"}},{\"insert\":\"\\n\\n \\n2.横店影视\\n目前超跌，价位在周线和日线的支撑位附近。短期支撑位为13.69。跌破支撑位止损。目前周线不符合三重滤网趋势战法第一层。所以要等。\\n\"},{\"insert\":{\"image\":\"https://api.moyebuy.com/public/images/2021-01-31/14-00-4160.png\"},\"attributes\":{\"alt\":\"图像\"}},{\"insert\":\"\\n\\n\\n\"},{\"insert\":\"明日2021/2/1，2月第一个交易日会是什么情况？\",\"attributes\":{\"underline\":true}},{\"insert\":\"\\n复盘：\"},{\"insert\":\"今天低开高走，然后下杀到3470点，止跌反弹，深v后尾盘站上3500点.\",\"attributes\":{\"backgroundColor\":\"#00ff00\"}},{\"insert\":\"\\n\\n\"}]}'),(23,'2021/2/1 | 星期一 | 操作计划','<p><strong><em><u>祥源文化</u></em></strong>，周五一字开，炸板后，分歧转一致，成功顶住市场的核按钮，一直到尾盘强势封死。</p><p><br></p><p>优点：目前市场唯一4板大妖龙。题材为游戏，文化传媒题材。切带动了板块上涨。</p><p><br></p><p>缺点:目前短线市场情绪在冰点，核按钮到处飞，所以操作要十分谨慎。</p><p><br></p><p>仓位:10000元.</p><p><br></p><p>操作:高开或者平开，下杀不破分时0轴，资金承接强，买入5000元，强势封板后，再打5000元。</p><p><br></p><p><strong><em><u>注意:只要盘中走势不符合计划，直接放弃操作。等待新的妖龙出现。</u></em></strong></p><p><br></p><p><strong><u>嘉泽新能</u>:</strong> 周五打板进的，后水下补了点。收天地板。晋级5板失败，短期见顶。找高点清仓，必清，即使封板也要板上砸。</p><p><br></p>','html','2021-01-31 04:50:53','2021-01-31 15:26:52','{\"ops\":[{\"insert\":\"祥源文化\",\"attributes\":{\"italic\":true,\"underline\":true,\"bold\":true}},{\"insert\":\"，周五一字开，炸板后，分歧转一致，成功顶住市场的核按钮，一直到尾盘强势封死。\\n\\n优点：目前市场唯一4板大妖龙。题材为游戏，文化传媒题材。切带动了板块上涨。\\n\\n缺点:目前短线市场情绪在冰点，核按钮到处飞，所以操作要十分谨慎。\\n\\n仓位:10000元.\\n\\n操作:高开或者平开，下杀不破分时0轴，资金承接强，买入5000元，强势封板后，再打5000元。\\n\\n\"},{\"insert\":\"注意:只要盘中走势不符合计划，直接放弃操作。等待新的妖龙出现。\",\"attributes\":{\"italic\":true,\"underline\":true,\"bold\":true}},{\"insert\":\"\\n\\n\"},{\"insert\":\"嘉泽新能\",\"attributes\":{\"underline\":true,\"bold\":true}},{\"insert\":\":\",\"attributes\":{\"bold\":true}},{\"insert\":\" 周五打板进的，后水下补了点。收天地板。晋级5板失败，短期见顶。找高点清仓，必清，即使封板也要板上砸。\\n\\n\"}]}'),(24,'2021/2/1 | 星期一 | 操作复盘','<p><u>祥源文化</u> </p><p>今天开盘强势直接封涨停，量和换手都不够的情况下肯定封不住，一会就被砸开板了，开板后资金承接很强，下杀都不到5个点，在二封的时候扫板进了。二封量和换手还是不够，继续开板。尾盘只有3千万的封板，封板太少。看明天的走势。</p><p>二封扫板进的。操作有改进的地方，应该等换手到达10%,量能到达昨天的量的时候，资金承接强在进的。</p><p><br></p><p><br></p><p><u>嘉泽新能</u></p><p>早盘冒然补仓，午盘冲高却没出，尾盘封死跌停。没有按照昨天的策略，坚持清仓的。</p><p><br></p><p><u>万达电影</u></p><p>早盘冒然出手接的，完全忘记昨天的操作计划。虽然尾盘涨了8个点，但操作还可以改进。应该在早盘下杀不破0线，反弹起来在介入。</p><p><br></p><p>在万达跟横店中选择了万达，横店的趋势是超跌，起来没那么快，万达趋势向上，且突破了压力位，早上回调后就往上走。</p><p><br></p><p><u>东方财富</u></p><p>到成本线时候清仓了，这次操作遵循昨天的计划，年关涨起来就是卖的。</p>','html','2021-01-31 04:50:53','2021-02-01 12:01:55','{\"ops\":[{\"insert\":\"祥源文化\",\"attributes\":{\"underline\":true}},{\"insert\":\" \\n今天开盘强势直接封涨停，量和换手都不够的情况下肯定封不住，一会就被砸开板了，开板后资金承接很强，下杀都不到5个点，在二封的时候扫板进了。二封量和换手还是不够，继续开板。尾盘只有3千万的封板，封板太少。看明天的走势。\\n二封扫板进的。操作有改进的地方，应该等换手到达10%,量能到达昨天的量的时候，资金承接强在进的。\\n\\n\\n\"},{\"insert\":\"嘉泽新能\",\"attributes\":{\"underline\":true}},{\"insert\":\"\\n早盘冒然补仓，午盘冲高却没出，尾盘封死跌停。没有按照昨天的策略，坚持清仓的。\\n\\n\"},{\"insert\":\"万达电影\",\"attributes\":{\"underline\":true}},{\"insert\":\"\\n早盘冒然出手接的，完全忘记昨天的操作计划。虽然尾盘涨了8个点，但操作还可以改进。应该在早盘下杀不破0线，反弹起来在介入。\\n\\n在万达跟横店中选择了万达，横店的趋势是超跌，起来没那么快，万达趋势向上，且突破了压力位，早上回调后就往上走。\\n\\n\"},{\"insert\":\"东方财富\",\"attributes\":{\"underline\":true}},{\"insert\":\"\\n到成本线时候清仓了，这次操作遵循昨天的计划，年关涨起来就是卖的。\\n\"}]}'),(25,'2021/2/1 | 星期一 | 股票察觉日记','<p>炒股风控最重要！逻辑对了也不能横冲直撞，炒股不是凭借有理就一头愣的乱来，要将风险降到最低的情况下才能将龙肉斩杀在口中。</p><p><br></p><p>所以不是什么二封板都可以打，有安全与危险区分。</p>','html','2021-01-31 04:50:53','2021-02-01 14:01:08','{\"ops\":[{\"insert\":\"炒股风控最重要！逻辑对了也不能横冲直撞，炒股不是凭借有理就一头愣的乱来，要将风险降到最低的情况下才能将龙肉斩杀在口中。\\n\\n所以不是什么二封板都可以打，有安全与危险区分。\\n\"}]}'),(26,'2021/2/2 | 星期二 | 操作计划','<p><u>祥源文化</u></p><p>&nbsp;</p><p>1, 高开7个点以上，上冲拉板直接砸掉一半仓位。下杀后不破0轴，并且资金承接强，在接回半仓，如果回封，在换手和量都够的情况下，打板。如果尾盘不板，清掉所有仓位。</p><p>&nbsp;</p><p>2，如果高开3个点左右，下杀不破0轴，资金承接强，买入半仓。拉高在7个点以上，砸掉半仓。如果尾盘不板，清掉所有仓位。</p><p>&nbsp;</p><p>3，如果平开或者低开翻绿，全清掉。</p><p>&nbsp;</p><p>4，如果直接顶一字，不动，如果炸板，直接清掉。</p>','html','2021-01-31 04:50:53','2021-02-01 14:59:55','{\"ops\":[{\"insert\":\"祥源文化\",\"attributes\":{\"underline\":true}},{\"insert\":\"\\n \\n1, 高开7个点以上，上冲拉板直接砸掉一半仓位。下杀后不破0轴，并且资金承接强，在接回半仓，如果回封，在换手和量都够的情况下，打板。如果尾盘不板，清掉所有仓位。\\n \\n2，如果高开3个点左右，下杀不破0轴，资金承接强，买入半仓。拉高在7个点以上，砸掉半仓。如果尾盘不板，清掉所有仓位。\\n \\n3，如果平开或者低开翻绿，全清掉。\\n \\n4，如果直接顶一字，不动，如果炸板，直接清掉。\\n\"}]}'),(27,'2021/2/2 | 星期二 | 操作复盘','<p>今天市场唯一高连板票祥源文化5进6开盘被按跌停，高位票接力风险很大，最近6板是天花板，所有的高标票6板就死了。</p><p><br></p><p>涨的好的是之前的报团票。</p><p><br></p><p><u>祥源文化</u></p><p><br></p><p>从集合竞价10个点到开盘微高，然后开盘直接按跌停，我心存侥幸没有割，结果吃了个跌停，明天应该还有个跌停。开盘平开，或者高开一点点就说明严重不及预期，要赶紧撒丫子跑。明天有出的机会一定要跑。</p><p><br></p><p><u>长城汽车</u></p><p><br></p><p>高开高走，1个点的时候被洗走了三层仓位，6个点的时候又洗走3层仓位，结果尾盘涨停，又接回来了2层。看明天有冲高的机会再出一半。等回调在接回来。</p><p><br></p><p><u>川能动力</u></p><p><br></p><p>早上一直洗盘，尾盘涨停，中途3个点的时候接了一半仓位，涨停一封的时候撤单不及，接入两倍仓位，结果炸板恐慌出了底仓。后面多次炸板，尾盘封单很少8千万。明天如果开盘不及预期先跑，有资金承接再接回来吧。</p><p><br></p><p><u>嘉泽新能</u></p><p><br></p><p>吃了两个跌停，亏的要死。接力票不要心存幻想，地天板的票毕竟很少，要第一时间跑，不然对不起龙头。</p><p><br></p><p><u>万达电影</u></p><p><br></p><p>被洗出去了，出在了最低点。离成本线很近的时候出的。洗出去没关系，应该在尾盘接回来的。看明天还有上车机会不，不追高，回调在接。</p>','html','2021-01-31 04:50:53','2021-02-02 12:10:05','{\"ops\":[{\"insert\":\"今天市场唯一高连板票祥源文化5进6开盘被按跌停，高位票接力风险很大，最近6板是天花板，所有的高标票6板就死了。\\n\\n涨的好的是之前的报团票。\\n\\n\"},{\"insert\":\"祥源文化\",\"attributes\":{\"underline\":true}},{\"insert\":\"\\n\\n从集合竞价10个点到开盘微高，然后开盘直接按跌停，我心存侥幸没有割，结果吃了个跌停，明天应该还有个跌停。开盘平开，或者高开一点点就说明严重不及预期，要赶紧撒丫子跑。明天有出的机会一定要跑。\\n\\n\"},{\"insert\":\"长城汽车\",\"attributes\":{\"underline\":true}},{\"insert\":\"\\n\\n高开高走，1个点的时候被洗走了三层仓位，6个点的时候又洗走3层仓位，结果尾盘涨停，又接回来了2层。看明天有冲高的机会再出一半。等回调在接回来。\\n\\n\"},{\"insert\":\"川能动力\",\"attributes\":{\"underline\":true}},{\"insert\":\"\\n\\n早上一直洗盘，尾盘涨停，中途3个点的时候接了一半仓位，涨停一封的时候撤单不及，接入两倍仓位，结果炸板恐慌出了底仓。后面多次炸板，尾盘封单很少8千万。明天如果开盘不及预期先跑，有资金承接再接回来吧。\\n\\n\"},{\"insert\":\"嘉泽新能\",\"attributes\":{\"underline\":true}},{\"insert\":\"\\n\\n吃了两个跌停，亏的要死。接力票不要心存幻想，地天板的票毕竟很少，要第一时间跑，不然对不起龙头。\\n\\n\"},{\"insert\":\"万达电影\",\"attributes\":{\"underline\":true}},{\"insert\":\"\\n\\n被洗出去了，出在了最低点。离成本线很近的时候出的。洗出去没关系，应该在尾盘接回来的。看明天还有上车机会不，不追高，回调在接。\\n\"}]}'),(28,'2021/2/2 | 星期二 | 股票察觉日记','<p>今天涨停68，大部分为首板。</p><p><br></p><p>高位票生态很差，多被核按钮。</p><p>资金多做首板，二板。低板生态相对好点。</p><p><br></p><p>临近年关，尽量不开新仓了。</p>','html','2021-01-31 04:50:53','2021-02-02 13:28:57','{\"ops\":[{\"insert\":\"今天涨停68，大部分为首板。\\n\\n高位票生态很差，多被核按钮。\\n资金多做首板，二板。低板生态相对好点。\\n\\n临近年关，尽量不开新仓了。\\n\"}]}'),(29,'2021/2/3 | 星期三 | 操作计划','<p>临近年关尽量不开新仓。</p><p>涨起来就卖。</p>','html','2021-01-31 04:50:53','2021-02-02 13:30:48','{\"ops\":[{\"insert\":\"临近年关尽量不开新仓。\\n涨起来就卖。\\n\"}]}'),(30,'2021/2/3 | 星期三 | 操作复盘','<p><strong><u>祥源文化</u></strong></p>\n<p>&nbsp;</p>\n<p>昨天开盘直接按跌停，今天开盘拉地天板，应该是资金有预谟的炒作节奏。今天一直栏板，该卖的资金应该都卖了，放量充分换手，轻装上阵，明天应该还会板。</p>\n<p><span style=\"background-color: #ff6600;\">2/4复盘:当天一字跌停,封单1个多亿,早盘有资金翘板，也跟着翘，结果，开板后立马加大资金封跌停。主力封跌停的决心很强，不知道目的是啥？</span></p>\n<p>&nbsp;</p>\n<p><strong><u>鲁商发展</u></strong></p>\n<p>冲高不板，然后回落到成本附近，减了一半仓位。感觉是被大盘带下来的。后面应该还会有行情。</p>\n<p>&nbsp;</p>\n<p><strong><u>万达电影</u></strong></p>\n<p>&nbsp;</p>\n<p>昨天出在最低点，今天冲高2个点，下午也被大盘带下来了，没破5日线，趋势任旧向上，在尾盘接了一万块钱的。</p>\n<p>&nbsp;</p>\n<p><strong><u>川能动力</u></strong></p>\n<p>&nbsp;</p>\n<p>补仓了一部分，在上午洗盘的时候恐慌出了一半底仓，午后冲高8个点不板，尾盘回落到4个点。在打盘尾盘跳水的情况下任然有4个点，很超预期。</p>\n<p>&nbsp;</p>\n<p><strong><u>新宏泰</u></strong></p>\n<p>&nbsp;</p>\n<p>早盘跌停开，挂单低吸没买上，开盘直接奔涨停。欲地天板。可惜被资金砸下来了。头脑发热，没有等明趋势就接，最少得等板后打板。明天大面跑不掉。</p>\n<p>&nbsp;</p>\n<p><strong><u>长城汽车</u></strong></p>\n<p>&nbsp;</p>\n<p>微微高开，就往下杀，昨天尾盘涨停，开盘应该算不及预期的。应该开盘就出，深跌后捡回来。</p>\n<p>&nbsp;</p>\n<p><strong><u>嘉泽新能</u></strong></p>\n<p>&nbsp;</p>\n<p>因看到祥源文化，新宏泰都反核，在看到有启动迹象的时候买入。虽然尾盘拉到成本附近，但现在看来应该小资金去试的，确认了在加仓。可是我的操作直接猛仓。操作失败！尾盘突袭不是什么好事，可能是资金主力不强，明天有可能继续下跌。幅度不会太大，震荡出货为主。</p>','html','2021-01-31 04:50:53','2021-02-03 14:37:21','{\"ops\":[{\"insert\":\"祥源文化\",\"attributes\":{\"underline\":true,\"bold\":true}},{\"insert\":\"\\n\\n昨天开盘直接按跌停，今天开盘拉地天板，应该是资金有预谟的炒作节奏。今天一直栏板，该卖的资金应该都卖了，放量充分换手，轻装上阵，明天应该还会板。\\n\\n\"},{\"insert\":\"鲁商发展\",\"attributes\":{\"underline\":true,\"bold\":true}},{\"insert\":\" \\n冲高不板，然后回落到成本附近，减了一半仓位。感觉是被大盘带下来的。后面应该还会有行情。\\n\\n\"},{\"insert\":\"万达电影\",\"attributes\":{\"underline\":true,\"bold\":true}},{\"insert\":\"\\n\\n昨天出在最低点，今天冲高2个点，下午也被大盘带下来了，没破5日线，趋势任旧向上，在尾盘接了一万块钱的。\\n\\n\"},{\"insert\":\"川能动力\",\"attributes\":{\"underline\":true,\"bold\":true}},{\"insert\":\"\\n\\n补仓了一部分，在上午洗盘的时候恐慌出了一半底仓，午后冲高8个点不板，尾盘回落到4个点。在打盘尾盘跳水的情况下任然有4个点，很超预期。\\n\\n\"},{\"insert\":\"新宏泰\",\"attributes\":{\"underline\":true,\"bold\":true}},{\"insert\":\"\\n\\n早盘跌停开，挂单低吸没买上，开盘直接奔涨停。欲地天板。可惜被资金砸下来了。头脑发热，没有等明趋势就接，最少得等板后打板。明天大面跑不掉。\\n\\n\"},{\"insert\":\"长城汽车\",\"attributes\":{\"underline\":true,\"bold\":true}},{\"insert\":\"\\n\\n微微高开，就往下杀，昨天尾盘涨停，开盘应该算不及预期的。应该开盘就出，深跌后捡回来。\\n\\n\"},{\"insert\":\"嘉泽新能\",\"attributes\":{\"underline\":true,\"bold\":true}},{\"insert\":\"\\n\\n因看到祥源文化，新宏泰都反核，在看到有启动迹象的时候买入。虽然尾盘拉到成本附近，但现在看来应该小资金去试的，确认了在加仓。可是我的操作直接猛仓。操作失败！尾盘突袭不是什么好事，可能是资金主力不强，明天有可能继续下跌。幅度不会太大，震荡出货为主。\\n\"}]}'),(31,'2021/2/3 | 星期三 | 股票察觉日记','<p>今天妖股开始反核，说明短线开始慢慢回暖。</p><p>关注明天妖股走势，如果再次大面积被核，说明高位短线情绪又回到冰点。谨慎接力，或者只做低位接力。</p>','html','2021-01-31 04:50:53','2021-02-03 14:43:18','{\"ops\":[{\"insert\":\"今天妖股开始反核，说明短线开始慢慢回暖。\\n关注明天妖股走势，如果再次大面积被核，说明高位短线情绪又回到冰点。谨慎接力，或者只做低位接力。\\n\"}]}'),(32,'2021/2/4 | 星期四| 操作计划','<p>周四一般都不会太好，尤其临近年关。</p>\n<p>&nbsp;</p>\n<p>这两天说要降仓位的，反而把仓位都打上去了。</p>\n<p>降仓位。</p>','html','2021-01-31 04:50:53','2021-02-03 14:47:07','{\"ops\":[{\"insert\":\"周四一般都不会太好，尤其临近年关。\\n\\n这两天说要降仓位的，反而把仓位都打上去了。\\n降仓位。\\n\"}]}'),(33,'2021/2/5 | 星期五 | 操盘计划 + 反思','<p><strong><span style=\"text-decoration: underline;\">陕西黑猫</span></strong></p>\n<p>如果低开或者平开，那么直接集合竞价砸半仓。</p>\n<p>如果高开，那么不动，直线拉到板，换手和量不够，看封板资，不强的话，也咂半仓。</p>\n<p><span style=\"text-decoration: underline;\"><strong>川能动力</strong></span></p>\n<p>继续拿着，看这两天反弹情况，不行就割掉。</p>\n<p>&nbsp;</p>\n<p><span style=\"text-decoration: underline;\"><strong>迎丰股份</strong></span></p>\n<p>这只票就不应该入手，就算入手，也只能在低位少接点，然后你却在最高点接。</p>\n<p><span style=\"color: #ff6600;\">反思一下，每次接在最高的原因是什么----&gt; <span style=\"text-decoration: underline;\"><strong><span style=\"color: #ff0000; text-decoration: underline;\">不要在拉直线的时候接任何的票，只能打板，或者回调上穿高点的时候，才能接。</span></strong></span></span></p>','html','2021-01-31 04:50:53','2021-02-05 01:16:27','{\"ops\":[{\"insert\":\"陕西黑猫\\n\"}]}'),(34,'2021/2/5 | 星期五 | 血的教训','<p><strong>在没有风控和没有止损位上吃了两次大亏了，记住风控和止损是第一要素，永远第一！买入之前，就应该知道止损位是多少。</strong></p>\n<p>&nbsp;</p>\n<p>另：</p>\n<p>1, 买的股票太多，无法全部照顾，连最基本的指标都没看。</p>\n<p>&nbsp;</p>\n<p><strong>长城汽车</strong></p>\n<p>进场的时候是无脑追的涨停，被骗吃的-10多个点，而且仓位还很重，没有风控，没有止损。两次涨停都不知道在涨停位减仓。</p>\n<p>&nbsp;</p>\n<p><strong>川能动力</strong></p>\n<p>从盈利4-5个点变成亏损7-8个点割肉，任然是没有止损。当有浮盈的时候，止损点要提高到成本线上。当处及成本线时候无条件止损，不管后面有不有行情，不管是不是卖飞。卖飞总比亏损好。</p>\n<p>&nbsp;</p>\n<p><strong>万达电影</strong></p>\n<p>当时觉得卖飞，然后追进去，没有风控，没有止损位。</p>\n<p>&nbsp;</p>\n<p><strong>鲁商发展</strong></p>\n<p>从盈利到亏损，反弹到成本线，却没有止损。最后割肉。</p>\n<p>&nbsp;</p>\n<p><strong>南国置业</strong></p>\n<p>高位打的板，下来亏损45%，今天一个反弹板就拿不住，板上割肉，后面封死涨停。上涨拿不住，下跌死扛。不亏你亏谁？</p>\n<p>&nbsp;</p>\n<p>&nbsp;</p>\n<p>&nbsp;</p>\n<p>&nbsp;</p>\n<p>&nbsp;</p>\n<p>市场有很多种方法都可以盈利，做趋势，做震荡，做突破，做短线，做长线等等，但凡选一个适合自己的方向，静下心来去磨合，赚钱的概率都不会低，<strong style=\"background-color: #00ff00;\"><u>很多人之所以不赚钱，不在于自己不懂，而是试图想抓住市场上所有的行情和机会。</u></strong></p>\n<p>&nbsp;</p>\n<p>&nbsp;</p>\n<p>以后仓位里只能有一只票，最多不超过两只。</p>\n<p>今天爆亏，以此为戒！</p>','html','2021-01-31 04:50:53','2021-02-05 07:26:58','{\"ops\":[{\"insert\":\"在没有风控和没有止损位上吃了两次大亏了，记住风控和止损是第一要素，永远第一！买入之前，就应该知道止损位是多少。\",\"attributes\":{\"bold\":true}},{\"insert\":\"\\n\\n另：\\n1, 买的股票太多，无法全部照顾，连最基本的指标都没看。\\n\\n长城汽车\\n进场的时候是无脑追的涨停，被骗吃的-10多个点，而且仓位还很重，没有风控，没有止损。两次涨停都不知道在涨停位减仓。\\n\\n川能动力\\n从盈利4-5个点变成亏损7-8个点割肉，任然是没有止损。当有浮盈的时候，止损点要提高到成本线上。当处及成本线时候无条件止损，不管后面有不有行情，不管是不是卖飞。卖飞总比亏损好。\\n\\n万达电影\\n当时觉得卖飞，然后追进去，没有风控，没有止损位。\\n\\n鲁商发展\\n从盈利到亏损，反弹到成本线，却没有止损。最后割肉。\\n\\n南国置业\\n高位打的板，下来亏损45%，今天一个反弹板就拿不住，板上割肉，后面封死涨停。上涨拿不住，下跌死扛。不亏你亏谁？\\n\\n\\n\\n\\n\\n市场有很多种方法都可以盈利，做趋势，做震荡，做突破，做短线，做长线等等，但凡选一个适合自己的方向，静下心来去磨合，赚钱的概率都不会低，\"},{\"insert\":\"很多人之所以不赚钱，不在于自己不懂，而是试图想抓住市场上所有的行情和机会。\",\"attributes\":{\"bold\":true,\"underline\":true,\"backgroundColor\":\"#00ff00\"}},{\"insert\":\"\\n\\n\\n以后仓位里只能有一只票，最多不超过两只。\\n今天爆亏，以此为戒！\\n\"}]}'),(35,'超短如何规避超短账户的巨额回撤','<p>超短接力选手如何规避大回撤，</p><p>就是在周期高位的派面起始期，迅速撤离。空仓，等待大面风险基本释放到位，再进场试错机会。</p><p>尤其，周期高位的两极分化期 再到 全面退潮期。</p><p>早上去打中位票、1进2、2进3的秒板票，最容易吃大面，10个点家常便饭。</p><p>可以去翻翻自己交割单，大面的源泉是不是基本在周期高位期？</p>','html','2021-02-18 07:29:01','2021-02-21 09:41:47','{\"ops\":[{\"insert\":\"超短接力选手如何规避大回撤，\\n就是在周期高位的派面起始期，迅速撤离。空仓，等待大面风险基本释放到位，再进场试错机会。\\n尤其，周期高位的两极分化期 再到 全面退潮期。\\n早上去打中位票、1进2、2进3的秒板票，最容易吃大面，10个点家常便饭。\\n可以去翻翻自己交割单，大面的源泉是不是基本在周期高位期？\\n\"}]}'),(36,'2021/2/22 | 2021/2/26 一周操作反思','<p>这周主要亏损在自己模式外的操作，连板战法几乎全部失败。失败后基本上是大面。</p><p><br></p><p>趋势地主战法 胜率挺高，5笔，失败1笔。失败的拓尔思开盘就破止损位，却没有注意到，割晚了，导致亏损5个点。</p><p><br></p><p>高位报团股崩了后这周基本都是天天跌，当指数一直在跌的时候，总会影响情绪，导致小盘股也很跟跌，短线情绪也会不稳定。</p><p><br></p><p>整个生态环境在上个星期以及这周开的时候还能做一下连板，在后半周基本上都是大面。</p><p><br></p><p>另一个原因就是没有上板确认的时候打进，而且半路接的。</p><p>亏损三个分别是，</p><p>哈工智能，当时早盘快速上涨，并且资金承接也很强，午后拉到9个点后，没有资金封板，然后一落千丈。</p><p><br></p><p>兴化股份，看网上大佬推荐的干最高板龙头，结果他第二天割小肉跑了，我结婚没找到机会卖出去，冲高一个点的时候没有卖，尾盘掉下来，没卖出。</p><p><br></p><p>郑中设计，自己看的二板股，当时开盘水下拉上来，追高进，结果跌下来资金毫无承接。第二天又是大面也没割。</p><p><br></p><p>总结原因是，</p><p>第一，没有打板。</p><p>第二，没有大局观，所以在生态不好时没管住手。</p><p><br></p><p>海得控制，卖在起爆点前天，并且是亏损的。当天有拉升，并且尾盘有抢筹。</p><p><br></p>','html','2021-02-18 07:29:01','2021-02-26 12:57:11','{\"ops\":[{\"insert\":\"这周主要亏损在自己模式外的操作，连板战法几乎全部失败。失败后基本上是大面。\\n\\n趋势地主战法 胜率挺高，5笔，失败1笔。失败的拓尔思开盘就破止损位，却没有注意到，割晚了，导致亏损5个点。\\n\\n高位报团股崩了后这周基本都是天天跌，当指数一直在跌的时候，总会影响情绪，导致小盘股也很跟跌，短线情绪也会不稳定。\\n\\n整个生态环境在上个星期以及这周开的时候还能做一下连板，在后半周基本上都是大面。\\n\\n另一个原因就是没有上板确认的时候打进，而且半路接的。\\n亏损三个分别是，\\n哈工智能，当时早盘快速上涨，并且资金承接也很强，午后拉到9个点后，没有资金封板，然后一落千丈。\\n\\n兴化股份，看网上大佬推荐的干最高板龙头，结果他第二天割小肉跑了，我结婚没找到机会卖出去，冲高一个点的时候没有卖，尾盘掉下来，没卖出。\\n\\n郑中设计，自己看的二板股，当时开盘水下拉上来，追高进，结果跌下来资金毫无承接。第二天又是大面也没割。\\n\\n总结原因是，\\n第一，没有打板。\\n第二，没有大局观，所以在生态不好时没管住手。\\n\\n海得控制，卖在起爆点前天，并且是亏损的。当天有拉升，并且尾盘有抢筹。\\n\\n\"}]}');
/*!40000 ALTER TABLE `notepad` ENABLE KEYS */;
UNLOCK TABLES;

--
-- Table structure for table `setting`
--

DROP TABLE IF EXISTS `setting`;
/*!40101 SET @saved_cs_client     = @@character_set_client */;
/*!50503 SET character_set_client = utf8mb4 */;
CREATE TABLE `setting` (
  `id` int NOT NULL AUTO_INCREMENT,
  `user_id` int NOT NULL,
  `total_amount` decimal(12,4) DEFAULT NULL,
  `total_risk` decimal(12,4) DEFAULT NULL,
  `single_risk` decimal(12,4) DEFAULT NULL,
  `commission_rate` decimal(12,4) DEFAULT NULL,
  `fee_rate` decimal(12,4) DEFAULT NULL,
  `created_at` datetime NOT NULL,
  `updated_at` datetime NOT NULL,
  PRIMARY KEY (`id`)
) ENGINE=InnoDB AUTO_INCREMENT=4 DEFAULT CHARSET=utf8;
/*!40101 SET character_set_client = @saved_cs_client */;

--
-- Dumping data for table `setting`
--

LOCK TABLES `setting` WRITE;
/*!40000 ALTER TABLE `setting` DISABLE KEYS */;
INSERT INTO `setting` VALUES (1,1,200000.0000,0.0600,0.0200,0.0003,0.0010,'2020-12-12 12:34:30','2020-12-12 13:06:31'),(2,1,200000.0000,0.0600,0.0200,0.0025,0.0010,'2020-12-12 15:52:17','2020-12-13 03:38:36'),(3,1,200000.0000,0.0600,0.0200,0.0003,0.0010,'2020-12-12 12:34:30','2020-12-13 03:43:23');
/*!40000 ALTER TABLE `setting` ENABLE KEYS */;
UNLOCK TABLES;

--
-- Table structure for table `strategy`
--

DROP TABLE IF EXISTS `strategy`;
/*!40101 SET @saved_cs_client     = @@character_set_client */;
/*!50503 SET character_set_client = utf8mb4 */;
CREATE TABLE `strategy` (
  `id` int NOT NULL AUTO_INCREMENT,
  `title` varchar(255) DEFAULT NULL,
  `ecology` varchar(255) DEFAULT NULL,
  `content` text,
  `created_at` datetime NOT NULL,
  `updated_at` datetime NOT NULL,
  PRIMARY KEY (`id`)
) ENGINE=InnoDB AUTO_INCREMENT=14 DEFAULT CHARSET=utf8;
/*!40101 SET character_set_client = @saved_cs_client */;

--
-- Dumping data for table `strategy`
--

LOCK TABLES `strategy` WRITE;
/*!40000 ALTER TABLE `strategy` DISABLE KEYS */;
INSERT INTO `strategy` VALUES (3,'涨停开板回封战法','大盘环境好的时候','<div>缩量一，二板的票在进三板，或者三进四板的时候，开盘强势一封后:</div>\n<div>&nbsp;</div>\n<div>如果量和换手不够，基本会开板，如果有资金承接，那么会回封。</div>\n<div>如果量和换手不够还会继续开板。</div>\n<div>入场时机就在，换手达10%爆巨量后，回封的瞬间买入。</div>\n<div>&nbsp;</div>\n<div>不死鸟也提到：</div>\n<div>&nbsp;</div>\n<div>&nbsp;&nbsp;&nbsp;缩量的通常两种:</div>\n<div>&nbsp;&nbsp; &nbsp;&nbsp;&nbsp;1,高开急拉冲板-&gt;炸板-&gt;回封。或者不回封-&gt;死掉。</div>\n<div>&nbsp;&nbsp; &nbsp;&nbsp;&nbsp;2，另一种下杀不到绿盘，补量后拉起，冲板封死。</div>\n<div>&nbsp;</div>\n<div>错误案列:</div>\n<div>21-01-14 今天格力地产和南方轴承，一开盘就无脑打板，结果吃大面。</div>\n<div>21-01-29 嘉泽新能 今天高开，强势上拉，封板，炸板，然后再强势封，看的出主力做多很积极。然而，换手跟量都没起来，</div>\n<div>&nbsp;&nbsp; &nbsp;&nbsp; &nbsp;&nbsp; &nbsp;&nbsp; &nbsp;&nbsp;&nbsp;如果是大环境好的情况下，因该是没问题会封死。但是因为1，当天大环境差，大盘跌2个点，报团股，小票都在大&nbsp;&nbsp; &nbsp;&nbsp; &nbsp;&nbsp; &nbsp;&nbsp; &nbsp;&nbsp; &nbsp;&nbsp;&nbsp;跌。2，换手和量都不够，开板后无法快速回封，导致一致的砸盘。最终收盘跌停。</div>\n<div>&nbsp;&nbsp; &nbsp;&nbsp; &nbsp;&nbsp; &nbsp;&nbsp; &nbsp; &nbsp;</div>','2021-01-31 04:50:53','2021-01-31 10:23:00'),(4,'连板套利板战法','大环境好','<div><code><strong>套利的本质是强转弱。挣市场修正的钱。</strong></code></div>\n<div><code><strong>比如9:24红盘，突然开接近跌停一个道理。</strong></code></div>\n<div><code><strong>连板低开-5个点，不入场，到-7个点就入场。</strong></code></div>\n<div><code><strong>二板一字，然后跌停开，跌停入，第二天套利出局。</strong></code></div>\n<div>&nbsp;</div>\n<div><code><strong>碰到强转弱，弱又转强的，会吃大肉。</strong></code></div>\n<div><!-- pagebreak --></div>\n<div>&nbsp;</div>\n<div><img class=\"wscnph\" src=\"https://api.moyebuy.com/public/images/2021-01-31/11-54-9840.png\" /></div>\n<div>&nbsp;</div>','2021-01-31 04:50:53','2021-01-31 11:55:44'),(5,'擒龙战法','大环境好','<div><span style=\"color: #ff0000;\"><strong>1，市场最高连板票，强势人气票</strong></span></div>\n<div><span style=\"color: #ff0000;\"><strong>2，妖龙竞价一定要高开或是平开</strong></span></div>\n<div><span style=\"color: #ff0000;\"><strong>3，盘中下杀时不能杀破分时0轴翻绿</strong></span></div>\n<div>&nbsp;</div>\n<div>高开或平开，下杀不破分时线0轴，资金承接强，上3成仓位。</div>\n<div>&nbsp;</div>\n<div>注意:低开下杀直接放弃操作。</div>\n<div>但注意一种情况---下杀杀破分时0轴秒翻红，二次下杀不破分时0轴，资金承接强，市场环境的短线情绪爆棚，这时也可以上车，不过仓位要降至2成。</div>\n<div>&nbsp;</div>\n<div>操作的时候考虑一下大环境，总龙头刚挂，补涨龙你要缓一会，要多看盘口承接的异动，试错要小仓位。</div>\n<div>&nbsp;</div>\n<div>炒股是做大概率的事，往阻力最小的事去做，而不是老是期待发生奇迹。</div>\n<div>&nbsp;</div>','2021-01-31 04:50:53','2021-01-31 11:58:57'),(6,'主力被套战法','大环境要好','<p>前一天涨停板，因为市场的因素，栏板或者炸板。第二天跌停，主力资金被套。那么接下来看是否有10日线支撑，不破10日线。企稳后可以买入。</p>','2021-01-31 04:50:53','2021-01-31 11:59:46'),(7,'市场总龙头战法','大盘指数稳','<div>21-01-11宜宾纸业在3进4的时候开盘买入的。当时也是第二板量放大，换手6%，午后封板，然后缩量加速3板换手2%，在第四板上迟迟不封板，量能继续爆量换手11.57%。</div>\n<div>当时的环境是，大盘指数涨，但下跌个股达3000多只，上涨才1000来只。大部分小市值个股在跌。市场6连板的豫园股份进7失败。涨停股少。市场唯一3进4的宜宾纸业。所以吸引了大部分资金，大分歧后封涨停。</div>\n<div>唯一3进4成功后，吸引大量人气，第二天缩量加速5板。第三天爆量分歧6板，成为市场总龙头。带动了短线市场人气。</div>\n<div>&nbsp;</div>\n<div>这几天市场短线人气高，涨停股票高于60个以上，资金分散。相同走势的2进3，或者3进4都被埋。反而换手高，爆量的票成活几率高。</div>\n<div>&nbsp;</div>\n<div>最好做市场总龙头，就算亏钱也要亏在总龙头上。</div>','2021-01-31 04:50:53','2021-01-31 12:02:12'),(8,'游龙战法','大环境要好','<div>环境要求：大环境好，涨停票多，短线接力好，成功率高的时候</div>\n<div>1,涨幅涨速最快的票</div>','2021-01-31 04:50:53','2021-01-31 12:02:58'),(9,'连板战法','大环境好','<p>1，股票要1板以上<br />2，股票为热门板块龙头，或者热门票<br />3，开盘集合竞价量/昨日总成交量 &gt; 10%以上，如果前一天是缩量的话，可以爆量到400%<br />4，股票的筹码集中度高，上方压力小<br />5，对于不确定的票就打回封板，如果没有回封或者不开板就放弃。</p>','2021-01-31 04:50:53','2021-01-31 12:07:31'),(10,'三重滤网低吸战法','大环境好','<p>第一层:周线趋势向上。MACD柱子斜率向上。</p>\n<p>第二层:日线趋势向上，MACD柱子斜率向上。</p>\n<p>第三层:</p>','2021-01-31 04:50:53','2021-01-31 13:01:38'),(11,'乱买','不管环境','<p>不管环境，随性的乱买，看到啥，头脑发热的就买进去了。</p>','2021-01-31 04:50:53','2021-02-04 09:05:56'),(12,'无量反包战法','短线生态','<p><strong>无量反包战法</strong></p>\n<p>要求生态为短线生态，短线情绪好。</p>\n<p>1，连板票，在连数板后烂板。</p>\n<p>2，第二天跌停开或者低开按跌停，但极度缩量，无量跌停。</p>\n<p>操作:快要收盘的时候，如果还是跌停，并且无量，那么可以跌停接。第二天应该也会大幅度低开，再买入，涨起来后卖出做T.</p>\n<p><img class=\"wscnph\" src=\"https://api.moyebuy.com/public/images/2021-02-23/15-15-0850.png\" /><img class=\"wscnph\" src=\"https://api.moyebuy.com/public/images/2021-02-23/15-15-4930.jpeg\" /><img class=\"wscnph\" src=\"https://api.moyebuy.com/public/images/2021-02-23/15-15-0840.jpeg\" /></p>','2021-02-18 07:29:01','2021-02-23 15:15:55'),(13,'其它','无','<p>跟随别人或者试错的交易，没有具体战法。</p>','2021-02-28 04:51:11','2021-03-01 07:16:39');
/*!40000 ALTER TABLE `strategy` ENABLE KEYS */;
UNLOCK TABLES;

--
-- Table structure for table `trading_detail`
--

DROP TABLE IF EXISTS `trading_detail`;
/*!40101 SET @saved_cs_client     = @@character_set_client */;
/*!50503 SET character_set_client = utf8mb4 */;
CREATE TABLE `trading_detail` (
  `id` int NOT NULL AUTO_INCREMENT,
  `trading_plan_id` int NOT NULL,
  `trading_price` decimal(12,4) DEFAULT NULL,
  `trading_volume` int DEFAULT NULL,
  `trading_date` datetime DEFAULT NULL,
  `commission` decimal(12,4) DEFAULT NULL,
  `stamp_tax` decimal(12,4) DEFAULT NULL,
  `trading_type` varchar(255) NOT NULL,
  `created_at` datetime NOT NULL,
  `updated_at` datetime NOT NULL,
  PRIMARY KEY (`id`)
) ENGINE=InnoDB AUTO_INCREMENT=135 DEFAULT CHARSET=utf8;
/*!40101 SET character_set_client = @saved_cs_client */;

--
-- Dumping data for table `trading_detail`
--

LOCK TABLES `trading_detail` WRITE;
/*!40000 ALTER TABLE `trading_detail` DISABLE KEYS */;
INSERT INTO `trading_detail` VALUES (18,27,16.9250,1400,'2021-02-08 00:00:00',5.9200,NULL,'BUY','2021-01-31 04:50:53','2021-02-08 01:50:48'),(19,25,13.3600,800,'2021-02-08 00:00:00',5.0000,NULL,'BUY','2021-01-31 04:50:53','2021-02-08 01:57:48'),(20,29,46.9000,300,'2021-02-08 05:09:59',3.5175,0.0000,'BUY','2021-01-31 04:50:53','2021-02-08 05:11:49'),(26,25,12.3700,800,'2021-02-09 00:00:00',5.0000,9.8960,'SELL','2021-01-31 04:50:53','2021-02-09 02:04:20'),(27,25,12.8700,700,'2021-02-09 02:53:58',2.2523,0.0000,'BUY','2021-01-31 04:50:53','2021-02-09 02:54:42'),(31,25,13.0000,700,'2021-02-10 06:24:45',2.2750,9.1000,'SELL','2021-01-31 04:50:53','2021-02-10 06:25:53'),(81,34,14.2090,600,'2021-02-18 00:00:00',5.0000,NULL,'BUY','2021-02-18 07:29:01','2021-02-18 08:42:22'),(82,29,49.6000,200,'2021-02-18 00:00:00',5.0000,NULL,'BUY','2021-02-18 07:29:01','2021-02-18 08:49:50'),(83,29,48.1900,300,'2021-02-18 00:00:00',5.0000,14.4570,'SELL','2021-02-18 07:29:01','2021-02-18 08:51:41'),(84,34,14.2600,300,'2021-02-19 00:00:00',5.0000,NULL,'BUY','2021-02-18 07:29:01','2021-02-19 01:51:44'),(85,54,10.7400,300,'2021-02-19 00:00:00',5.0000,NULL,'BUY','2021-02-18 07:29:01','2021-02-19 01:53:32'),(86,54,10.7100,400,'2021-02-19 00:00:00',5.0000,4.2840,'BUY','2021-02-18 07:29:01','2021-02-19 05:13:49'),(87,55,32.7500,200,'2021-02-19 00:00:00',5.0000,NULL,'BUY','2021-02-18 07:29:01','2021-02-19 05:29:12'),(88,29,47.6700,200,'2021-02-19 00:00:00',5.0000,9.5340,'SELL','2021-02-18 07:29:01','2021-02-19 06:54:35'),(89,56,10.2200,500,'2021-02-22 01:33:57',1.2775,0.0000,'BUY','2021-02-18 07:29:01','2021-02-22 01:35:20'),(90,58,19.9400,200,'2021-02-22 01:44:59',0.9970,0.0000,'BUY','2021-02-18 07:29:01','2021-02-22 01:45:09'),(91,58,20.9900,400,'2021-02-22 02:26:05',209.9000,0.0000,'BUY','2021-02-18 07:29:01','2021-02-22 02:26:55'),(92,54,10.8400,700,'2021-02-22 00:00:00',5.0000,7.5880,'SELL','2021-02-18 07:29:01','2021-02-22 02:30:05'),(93,27,19.7300,400,'2021-02-22 00:00:00',5.0000,NULL,'BUY','2021-02-18 07:29:01','2021-02-22 03:06:05'),(94,54,10.9900,600,'2021-02-22 00:00:00',5.0000,NULL,'BUY','2021-02-18 07:29:01','2021-02-22 06:56:22'),(95,34,14.3300,900,'2021-02-22 00:00:00',5.0000,12.8970,'SELL','2021-02-18 07:29:01','2021-02-22 07:05:23'),(96,56,9.9400,500,'2021-02-22 00:00:00',5.0000,NULL,'BUY','2021-02-18 07:29:01','2021-02-22 12:01:06'),(97,54,11.0200,600,'2021-02-23 00:00:00',5.0000,6.6120,'SELL','2021-02-18 07:29:01','2021-02-23 01:39:17'),(98,55,32.5600,200,'2021-02-23 00:00:00',5.0000,NULL,'BUY','2021-02-18 07:29:01','2021-02-23 02:45:04'),(99,57,19.5800,500,'2021-02-23 00:00:00',5.0000,NULL,'BUY','2021-02-18 07:29:01','2021-02-23 02:51:31'),(100,27,18.7400,900,'2021-02-23 00:00:00',5.0000,16.8660,'SELL','2021-02-18 07:29:01','2021-02-23 09:23:14'),(101,27,18.8700,900,'2021-02-23 00:00:00',5.0000,16.9830,'SELL','2021-02-18 07:29:01','2021-02-23 09:24:06'),(102,58,19.9300,600,'2021-02-23 00:00:00',5.0000,11.9580,'SELL','2021-02-18 07:29:01','2021-02-23 12:32:18'),(103,59,25.8800,400,'2021-02-24 00:00:00',5.0000,NULL,'BUY','2021-02-18 07:29:01','2021-02-24 02:14:33'),(104,27,19.1500,300,'2021-02-24 00:00:00',5.0000,NULL,'BUY','2021-02-18 07:29:01','2021-02-24 03:55:37'),(105,27,19.3200,400,'2021-02-24 00:00:00',5.0000,NULL,'BUY','2021-02-18 07:29:01','2021-02-24 06:38:25'),(106,56,9.5800,1000,'2021-02-25 00:00:00',5.0000,9.5800,'SELL','2021-02-18 07:29:01','2021-02-25 02:00:40'),(107,59,26.7200,400,'2021-02-25 00:00:00',5.0000,10.6880,'SELL','2021-02-18 07:29:01','2021-02-25 06:11:11'),(108,57,19.2200,500,'2021-02-26 00:00:00',5.0000,9.6100,'SELL','2021-02-18 07:29:01','2021-02-26 02:16:27'),(109,34,14.0000,400,'2021-02-26 00:00:00',5.0000,NULL,'BUY','2021-02-18 07:29:01','2021-02-26 04:23:26'),(110,34,14.0400,300,'2021-02-26 00:00:00',5.0000,NULL,'BUY','2021-02-18 07:29:01','2021-02-26 06:07:21'),(111,60,15.0900,200,'2021-02-26 00:00:00',5.0000,NULL,'BUY','2021-02-28 04:51:11','2021-02-28 09:38:17'),(112,61,11.2300,500,'2021-03-01 00:00:00',5.0000,NULL,'BUY','2021-02-28 04:51:11','2021-03-01 02:02:25'),(113,61,11.4700,1100,'2021-03-01 00:00:00',5.0000,NULL,'BUY','2021-02-28 04:51:11','2021-03-01 02:04:33'),(114,62,29.6200,200,'2021-03-01 00:00:00',5.0000,NULL,'BUY','2021-02-28 04:51:11','2021-03-01 06:58:39'),(115,56,10.4200,500,'2021-03-02 00:00:00',5.0000,NULL,'BUY','2021-02-28 04:51:11','2021-03-02 02:01:12'),(116,60,14.3200,200,'2021-03-02 00:00:00',5.0000,NULL,'BUY','2021-02-28 04:51:11','2021-03-02 05:29:40'),(117,34,14.2300,700,'2021-03-02 00:00:00',5.0000,9.9610,'SELL','2021-02-28 04:51:11','2021-03-02 06:16:05'),(118,59,27.2600,200,'2021-03-02 00:00:00',5.0000,NULL,'BUY','2021-02-28 04:51:11','2021-03-02 06:22:56'),(119,61,11.8000,1600,'2021-03-02 00:00:00',5.0000,18.8800,'SELL','2021-02-28 04:51:11','2021-03-02 13:52:47'),(120,61,11.9200,500,'2021-03-02 00:00:00',5.0000,NULL,'BUY','2021-02-28 04:51:11','2021-03-02 13:57:05'),(121,61,11.7200,200,'2021-03-02 00:00:00',5.0000,NULL,'BUY','2021-02-28 04:51:11','2021-03-02 13:58:50'),(122,61,12.3400,300,'2021-03-02 00:00:00',5.0000,NULL,'BUY','2021-02-28 04:51:11','2021-03-02 14:01:21'),(123,61,12.4100,500,'2021-03-03 00:00:00',5.0000,6.2050,'SELL','2021-02-28 04:51:11','2021-03-03 06:32:02'),(124,61,13.1300,500,'2021-03-03 00:00:00',5.0000,6.5650,'SELL','2021-02-28 04:51:11','2021-03-03 06:33:47'),(125,27,19.3200,700,'2021-03-03 00:00:00',5.0000,13.5240,'SELL','2021-02-28 04:51:11','2021-03-03 06:38:37'),(126,66,14.9300,300,'2021-03-04 00:00:00',5.0000,NULL,'BUY','2021-02-28 04:51:11','2021-03-04 01:44:03'),(127,61,14.2000,200,'2021-03-04 00:00:00',5.0000,NULL,'BUY','2021-02-28 04:51:11','2021-03-04 02:00:43'),(128,61,14.0800,100,'2021-03-04 00:00:00',5.0000,NULL,'BUY','2021-02-28 04:51:11','2021-03-04 02:23:30'),(129,67,2.0500,2500,'2021-03-04 00:00:00',5.0000,NULL,'BUY','2021-02-28 04:51:11','2021-03-04 03:07:30'),(130,64,4.4600,2600,'2021-03-04 00:00:00',5.0000,NULL,'BUY','2021-02-28 04:51:11','2021-03-04 03:18:56'),(131,59,25.4400,100,'2021-03-04 00:00:00',5.0000,NULL,'BUY','2021-02-28 04:51:11','2021-03-04 06:51:40'),(132,59,25.0800,100,'2021-03-04 00:00:00',5.0000,NULL,'BUY','2021-02-28 04:51:11','2021-03-04 06:52:31'),(133,68,3.7000,1500,'2021-03-04 00:00:00',5.0000,NULL,'BUY','2021-02-28 04:51:11','2021-03-04 06:59:16'),(134,62,27.4400,200,'2021-03-04 00:00:00',5.0000,5.4880,'SELL','2021-02-28 04:51:11','2021-03-04 15:50:41');
/*!40000 ALTER TABLE `trading_detail` ENABLE KEYS */;
UNLOCK TABLES;

--
-- Table structure for table `trading_plan`
--

DROP TABLE IF EXISTS `trading_plan`;
/*!40101 SET @saved_cs_client     = @@character_set_client */;
/*!50503 SET character_set_client = utf8mb4 */;
CREATE TABLE `trading_plan` (
  `id` int NOT NULL AUTO_INCREMENT,
  `code` varchar(255) DEFAULT NULL,
  `symbol` varchar(255) DEFAULT NULL,
  `name` varchar(255) DEFAULT NULL,
  `strategy_id` int DEFAULT NULL,
  `plan_price` decimal(12,4) DEFAULT NULL,
  `plan_volume` int DEFAULT NULL,
  `risk` decimal(12,4) DEFAULT NULL,
  `stop_loss` decimal(12,4) DEFAULT NULL,
  `take_profit` decimal(12,4) DEFAULT NULL,
  `exec_start_date` datetime DEFAULT NULL,
  `exec_end_date` datetime DEFAULT NULL,
  `priority` int NOT NULL DEFAULT '0',
  `status` int NOT NULL DEFAULT '1',
  `created_at` datetime NOT NULL,
  `updated_at` datetime NOT NULL,
  PRIMARY KEY (`id`)
) ENGINE=InnoDB AUTO_INCREMENT=69 DEFAULT CHARSET=utf8;
/*!40101 SET character_set_client = @saved_cs_client */;

--
-- Dumping data for table `trading_plan`
--

LOCK TABLES `trading_plan` WRITE;
/*!40000 ALTER TABLE `trading_plan` DISABLE KEYS */;
INSERT INTO `trading_plan` VALUES (25,'300251','sz300251','光线传媒',10,12.0900,847,500.0000,11.5000,13.9000,'2021-02-06 00:00:00','2021-02-10 00:00:00',1,0,'2021-01-31 04:50:53','2021-02-06 09:57:03'),(27,'603000','sh603000','人民网',10,16.7400,200,500.0000,19.2000,21.0900,'2021-02-08 00:00:00','2021-02-08 00:00:00',3,0,'2021-01-31 04:50:53','2021-02-06 13:37:08'),(29,'02196','02196','复星医药',10,47.0000,313,500.0000,45.4000,51.4000,'2021-02-08 05:02:34','2021-02-08 05:02:34',3,0,'2021-01-31 04:50:53','2021-02-08 05:03:56'),(33,'300067','sz300067','安诺其',10,4.1500,1429,500.0000,3.8000,4.5900,'2021-02-10 00:00:00','2021-02-28 00:00:00',1,1,'2021-01-31 04:50:53','2021-02-10 04:56:21'),(34,'600918','sh600918','中泰证券',10,13.8500,1800,1000.0000,13.3000,14.6000,'2021-02-11 00:00:00','2021-02-28 00:00:00',1,0,'2021-01-31 04:50:53','2021-02-11 09:06:43'),(54,'002043','sz002043','兔宝宝',10,10.8700,600,500.0000,10.0600,11.6800,'2021-02-18 00:00:00','2021-02-26 00:00:00',0,0,'2021-02-18 07:29:01','2021-02-18 14:36:25'),(55,'000063','sz000063','中兴通讯',10,32.7500,500,500.0000,31.8000,33.6500,'2021-02-19 00:00:00','2021-02-19 00:00:00',3,1,'2021-02-18 07:29:01','2021-02-19 05:28:27'),(56,'300229','sz300229','拓尔思',10,10.3300,2200,1000.0000,9.8800,11.0900,'2021-02-21 00:00:00','2021-02-28 00:00:00',2,1,'2021-02-18 07:29:01','2021-02-21 14:23:52'),(57,'300383','sz300383','光环新网',10,19.7600,1500,1000.0000,19.1100,22.6000,'2021-02-21 00:00:00','2021-02-28 00:00:00',2,0,'2021-02-18 07:29:01','2021-02-21 14:46:19'),(58,'002184','sz002184','海得控制',9,19.9400,0,0.0000,0.0000,0.0000,'2021-02-22 01:40:18','2021-02-22 01:40:18',0,0,'2021-02-18 07:29:01','2021-02-22 01:44:12'),(59,'605155','sh605155','西大门',10,25.8800,300,500.0000,24.4300,27.7400,'2021-02-24 00:00:00','2021-02-24 00:00:00',3,1,'2021-02-18 07:29:01','2021-02-24 02:13:22'),(60,'300840','sz300840','酷特智能',10,15.0900,300,500.0000,13.5900,16.8500,'2021-02-26 00:00:00','2021-02-26 00:00:00',3,1,'2021-02-18 07:29:01','2021-02-26 02:03:47'),(61,'002647','sz002647','仁东控股',9,11.2300,0,500.0000,0.0000,0.0000,'2021-03-01 00:00:00','2021-03-01 00:00:00',3,1,'2021-02-28 04:51:11','2021-03-01 01:39:03'),(62,'002906','sz002906','华阳集团',13,29.0000,300,500.0000,27.5000,32.0000,'2021-03-01 00:00:00','2021-03-01 00:00:00',3,1,'2021-02-28 04:51:11','2021-03-01 06:58:03'),(63,'002918','sz002918','蒙娜丽莎',10,39.0000,300,500.0000,37.7000,41.4800,'2021-03-01 00:00:00','2021-03-31 00:00:00',1,1,'2021-02-28 04:51:11','2021-03-01 14:13:28'),(64,'002640','sz002640','跨境通',10,4.4100,2600,500.0000,4.2200,4.6500,'2021-03-01 00:00:00','2021-03-30 00:00:00',3,1,'2021-02-28 04:51:11','2021-03-01 14:56:31'),(65,'300251','sz300251','光线传媒',10,13.0400,1600,1000.0000,12.4500,14.0000,'2021-03-03 00:00:00','2021-03-31 00:00:00',2,1,'2021-02-28 04:51:11','2021-03-03 13:20:40'),(66,'601038','sh601038','一拖股份',9,14.9300,0,300.0000,0.0000,0.0000,'2021-03-04 00:00:00','2021-03-04 00:00:00',3,1,'2021-02-28 04:51:11','2021-03-04 01:43:27'),(67,'000667','sz000667','美好置业',8,0.0000,NULL,0.0000,0.0000,0.0000,'2021-03-04 00:00:00','2021-03-04 00:00:00',3,1,'2021-02-28 04:51:11','2021-03-04 03:06:25'),(68,'510050','of510050','of510050',13,0.0000,NULL,0.0000,0.0000,0.0000,'2021-03-04 00:00:00','2021-03-04 00:00:00',3,1,'2021-02-28 04:51:11','2021-03-04 06:58:40');
/*!40000 ALTER TABLE `trading_plan` ENABLE KEYS */;
UNLOCK TABLES;

--
-- Table structure for table `user`
--

DROP TABLE IF EXISTS `user`;
/*!40101 SET @saved_cs_client     = @@character_set_client */;
/*!50503 SET character_set_client = utf8mb4 */;
CREATE TABLE `user` (
  `id` int NOT NULL AUTO_INCREMENT,
  `name` varchar(255) NOT NULL,
  `password` varchar(255) NOT NULL,
  `created_at` datetime NOT NULL,
  `updated_at` datetime NOT NULL,
  PRIMARY KEY (`id`)
) ENGINE=InnoDB DEFAULT CHARSET=utf8;
/*!40101 SET character_set_client = @saved_cs_client */;

--
-- Dumping data for table `user`
--

LOCK TABLES `user` WRITE;
/*!40000 ALTER TABLE `user` DISABLE KEYS */;
/*!40000 ALTER TABLE `user` ENABLE KEYS */;
UNLOCK TABLES;

--
-- Dumping events for database 'my_trading'
--

--
-- Dumping routines for database 'my_trading'
--
/*!40103 SET TIME_ZONE=@OLD_TIME_ZONE */;

/*!40101 SET SQL_MODE=@OLD_SQL_MODE */;
/*!40014 SET FOREIGN_KEY_CHECKS=@OLD_FOREIGN_KEY_CHECKS */;
/*!40014 SET UNIQUE_CHECKS=@OLD_UNIQUE_CHECKS */;
/*!40101 SET CHARACTER_SET_CLIENT=@OLD_CHARACTER_SET_CLIENT */;
/*!40101 SET CHARACTER_SET_RESULTS=@OLD_CHARACTER_SET_RESULTS */;
/*!40101 SET COLLATION_CONNECTION=@OLD_COLLATION_CONNECTION */;
/*!40111 SET SQL_NOTES=@OLD_SQL_NOTES */;

-- Dump completed on 2021-03-05  5:00:00
